DOE_ID,ScanLevel,P1_MPa,P2_MPa,W_kW,Cp_mg_L,Recovery,RecoveryError,TargetMet,PhysicalFeasible,Success,RootEvalCount,Runtime_s,FailureReason,SelectedBest
955,coarse,3.45727357430039,7.72050912159347,161.32922502028,410.116029365838,0.46005774696588,1.78632446475313e-05,1,0,1,9,41.6079196,,0
955,coarse,3.53798568139538,7.6681404327453,157.774295068037,413.465159950831,0.460055507348701,1.56236274687083e-05,1,0,1,9,36.3339074,,0
955,coarse,3.61869778849037,7.61272278622687,154.144127429172,416.698704111246,0.460053027250368,1.31435291355064e-05,1,0,1,9,35.721597,,0
955,coarse,3.69940989558537,7.55492398905883,150.476339580172,419.842511408978,0.460050413164055,1.05294428234814e-05,1,0,1,9,34.9997572,,0
955,coarse,3.78012200268036,7.49533634012405,146.803048225784,422.919421219995,0.460047797342411,7.91362117880112e-06,1,0,1,9,32.140046,,0
955,coarse,3.86083410977535,7.43455413419622,143.153198611936,425.944562910648,0.460052089990063,1.22062688309721e-05,1,0,1,8,27.3697345,,0
955,coarse,3.94154621687035,7.37276743402763,139.541031169784,428.943490293933,0.460047314912803,7.43119157142758e-06,1,0,1,8,20.1805934,,0
955,coarse,4.02225832396534,7.31043815147758,135.986367052076,431.922701026744,0.460043448216102,3.56449486976773e-06,1,0,1,8,7.2570584,,0
955,coarse,4.10297043106033,7.24781622521393,132.500906558614,434.892265925849,0.460040092274866,2.08553633973541e-07,1,0,1,10,8.1618839,,0
955,coarse,4.18368253815533,7.18513699677969,129.094430077822,437.858094828718,0.460039935338562,5.16173304099254e-08,1,0,1,13,10.6385997,,0
955,coarse,4.26439464525032,7.12251248627766,125.772040500509,440.827909062482,0.460039998915783,1.15194550731612e-07,1,0,1,13,9.7797977,,0
955,coarse,4.34510675234532,7.0600784459392,122.538671342915,443.805367304838,0.460041592081559,1.70836032686861e-06,1,0,1,11,8.3163516,,0
955,coarse,4.42581885944031,6.99791667372698,119.397077542497,446.79427886098,0.460044112257559,4.22853632742193e-06,1,0,1,10,8.1460248,,0
955,coarse,4.5065309665353,6.93604671003037,116.347794089212,449.799537084688,0.460044044457188,4.16073595638222e-06,1,0,1,10,8.1289611,,0
955,coarse,4.5872430736303,6.87454985274071,113.392734567737,452.821707803531,0.460043551621648,3.66790041589349e-06,1,0,1,10,7.417261,,0
955,coarse,4.66795518072529,6.81351782753316,110.53380483852,455.859645007631,0.460046505244585,6.62152335306754e-06,1,0,1,9,6.51166,,0
955,coarse,4.74866728782028,6.75286219799741,107.767738605985,458.919733527642,0.460044732115977,4.84839474468313e-06,1,0,1,9,6.9153466,,0
955,coarse,4.82937939491528,6.69266495096628,105.095835856701,461.999462119231,0.460042939212459,3.05549122675552e-06,1,0,1,9,7.3622046,,0
955,coarse,4.91009150201027,6.63293716825341,102.517331165919,465.098897750068,0.460041386539003,1.50281777128169e-06,1,0,1,9,7.3591303,,0
955,coarse,4.99080360910526,6.57368134176504,100.031159070821,468.217797374458,0.460040303910253,4.20189021022033e-07,1,0,1,9,6.691947,,0
955,coarse,5.07151571620026,6.51489672884797,97.6361308217336,471.355359858864,0.460040256595915,3.72874682852409e-07,1,1,1,11,8.178988,,0
955,coarse,5.15222782329525,6.4565506863528,95.3302008770375,474.511587730704,0.460040149711958,2.65990726111553e-07,1,1,1,12,9.0341574,,0
955,coarse,5.23293993039024,6.39862648553924,93.1117772600187,477.684914862631,0.46004064022384,7.56502608445508e-07,1,1,1,11,9.0190702,,0
955,coarse,5.31365203748524,6.34108355116035,90.9786911055937,480.874021085211,0.460041422671853,1.53895062088294e-06,1,1,1,10,8.014227,,0
955,coarse,5.39436414458023,6.28385268811986,88.9281195747883,484.077912254011,0.460041039634012,1.15591277971561e-06,1,1,1,10,7.6218904,,0
955,coarse,5.47507625167523,6.22688672602777,86.9579504833873,487.293219257993,0.46004056613794,6.82416707920019e-07,1,1,1,10,7.472629,,0
955,coarse,5.55578835877022,6.17011248577231,85.0655695805275,490.516215210304,0.460040503066526,6.19345293939588e-07,1,1,1,9,6.7976731,,0
955,coarse,5.63650046586521,6.1134138549277,83.247502372632,493.743190163402,0.460039977321995,9.36007628071778e-08,1,1,1,9,6.9279862,,0
955,coarse,5.71721257296021,6.05667071481658,81.5005046009256,496.967912879773,0.46003988537346,1.65222774350937e-09,1,1,1,15,12.5161213,,0
955,coarse,5.7979246800552,5.99970491407054,80.6035957899922,500.183338979074,0.460039896070737,1.23495049741962e-08,1,0,1,13,10.0947837,,0
955,coarse,5.87863678715019,5.94228633155017,80.8309653524187,503.379952423346,0.460039889178362,5.45713008115456e-09,1,0,1,13,10.0575073,,0
955,coarse,5.95934889424519,5.88410929460435,81.1251942119743,506.544856159927,0.460039884135114,4.13882428329515e-10,1,0,1,13,10.3067667,,0
955,coarse,6.04006100134018,5.82485777176341,81.4853472546375,509.655703344601,0.460046456236523,6.57251529140312e-06,1,0,1,6,4.5428686,,0
955,coarse,6.12077310843517,NaN,NaN,NaN,NaN,NaN,0,0,0,5,3.8093227,recovery_not_bracketed_in_P2,0
955,coarse,6.20148521553017,NaN,NaN,NaN,NaN,NaN,0,0,0,5,4.1653321,recovery_not_bracketed_in_P2,0
955,coarse,6.28219732262516,NaN,NaN,NaN,NaN,NaN,0,0,0,5,4.3091593,recovery_not_bracketed_in_P2,0
955,coarse,6.36290942972015,NaN,NaN,NaN,NaN,NaN,0,0,0,5,4.5408501,recovery_not_bracketed_in_P2,0
955,coarse,6.44362153681515,NaN,NaN,NaN,NaN,NaN,0,0,0,5,4.0150431,recovery_not_bracketed_in_P2,0
955,coarse,6.52433364391014,NaN,NaN,NaN,NaN,NaN,0,0,0,5,4.1144814,recovery_not_bracketed_in_P2,0
955,coarse,6.60504575100514,NaN,NaN,NaN,NaN,NaN,0,0,0,5,3.8565449,recovery_not_bracketed_in_P2,0
955,coarse,6.68575785810013,NaN,NaN,NaN,NaN,NaN,0,0,0,5,3.8742591,recovery_not_bracketed_in_P2,0
955,coarse,6.76646996519512,NaN,NaN,NaN,NaN,NaN,0,0,0,5,3.6282531,recovery_not_bracketed_in_P2,0
955,coarse,6.84718207229012,NaN,NaN,NaN,NaN,NaN,0,0,0,5,3.8252732,recovery_not_bracketed_in_P2,0
955,coarse,6.92789417938511,NaN,NaN,NaN,NaN,NaN,0,0,0,5,3.9481348,recovery_not_bracketed_in_P2,0
955,coarse,7.0086062864801,NaN,NaN,NaN,NaN,NaN,0,0,0,5,3.7326154,recovery_not_bracketed_in_P2,0
955,coarse,7.0893183935751,NaN,NaN,NaN,NaN,NaN,0,0,0,5,3.6445254,recovery_not_bracketed_in_P2,0
955,coarse,7.17003050067009,NaN,NaN,NaN,NaN,NaN,0,0,0,5,2.168227,recovery_not_bracketed_in_P2,0
955,coarse,7.25074260776508,NaN,NaN,NaN,NaN,NaN,0,0,0,5,2.179189,recovery_not_bracketed_in_P2,0
955,coarse,7.33145471486008,NaN,NaN,NaN,NaN,NaN,0,0,0,5,4.0546522,recovery_not_bracketed_in_P2,0
955,coarse,7.41216682195507,NaN,NaN,NaN,NaN,NaN,0,0,0,5,3.8894781,recovery_not_bracketed_in_P2,0
955,coarse,7.49287892905006,NaN,NaN,NaN,NaN,NaN,0,0,0,5,4.132182,recovery_not_bracketed_in_P2,0
955,coarse,7.57359103614506,NaN,NaN,NaN,NaN,NaN,0,0,0,5,3.9816527,recovery_not_bracketed_in_P2,0
955,coarse,7.65430314324005,NaN,NaN,NaN,NaN,NaN,0,0,0,5,4.2305615,recovery_not_bracketed_in_P2,0
955,coarse,7.73501525033505,NaN,NaN,NaN,NaN,NaN,0,0,0,5,4.3395346,recovery_not_bracketed_in_P2,0
955,coarse,7.81572735743004,NaN,NaN,NaN,NaN,NaN,0,0,0,5,4.0598904,recovery_not_bracketed_in_P2,0
955,coarse,7.89643946452503,NaN,NaN,NaN,NaN,NaN,0,0,0,5,4.389463,recovery_not_bracketed_in_P2,0
955,coarse,7.97715157162003,NaN,NaN,NaN,NaN,NaN,0,0,0,5,3.8737143,recovery_not_bracketed_in_P2,0
955,coarse,8.05786367871502,NaN,NaN,NaN,NaN,NaN,0,0,0,5,4.4503174,recovery_not_bracketed_in_P2,0
955,coarse,8.13857578581001,NaN,NaN,NaN,NaN,NaN,0,0,0,5,4.3720634,recovery_not_bracketed_in_P2,0
955,coarse,8.21928789290501,NaN,NaN,NaN,NaN,NaN,0,0,0,5,3.4797789,recovery_not_bracketed_in_P2,0
955,coarse,8.3,NaN,NaN,NaN,NaN,NaN,0,0,0,5,3.2540575,recovery_not_bracketed_in_P2,0
955,refine1,5.63650046586521,6.1134138549277,83.247502372632,493.743190163402,0.460039977321995,9.36007629737112e-08,1,1,1,9,7.3623839,,0
955,refine1,5.64457167657471,6.10774318026281,83.0696458670115,494.065911154774,0.460039889788986,6.06775424349948e-09,1,1,1,12,10.0716909,,0
955,refine1,5.65264288728421,6.10207321181855,82.8925290192879,494.388542864414,0.460039892794858,9.07362596169747e-09,1,1,1,11,9.0940567,,0
955,refine1,5.66071409799371,6.09640236015419,82.7161114243784,494.711148352322,0.460039889110866,5.38963407237247e-09,1,1,1,11,9.0011597,,0
955,refine1,5.66878530870321,6.0908890371458,82.5444158545062,495.026030328888,0.460050605912343,1.07221911108679e-05,1,1,1,8,6.2496238,,0
955,refine1,5.67685651941271,6.08509916442953,82.3664188261575,495.354227040421,0.460042687451549,2.80373031708026e-06,1,1,1,9,7.1285858,,0
955,refine1,5.68492773012221,6.07938574151656,82.1910867930529,495.678600426495,0.460040031412075,1.47690843221859e-07,1,1,1,11,10.4600135,,0
955,refine1,5.69299894083171,6.07371856639372,82.0176503346213,496.000602843561,0.460040598776919,7.15055687439126e-07,1,1,1,10,8.8310541,,0
955,refine1,5.70107015154121,6.06813055059945,81.8469401867241,496.318629272707,0.460046612827185,6.72910595317378e-06,1,1,1,8,7.9451979,,0
955,refine1,5.70914136225071,6.06249677681983,81.6757919236987,496.638712033674,0.460049656153317,9.77243208466483e-06,1,1,1,8,7.8048831,,0
955,refine1,5.71721257296021,6.05667071481658,81.5005046009256,496.967912879773,0.46003988537346,1.65222774350937e-09,1,1,1,15,13.788321,,0
955,refine1,5.7252837836697,6.05098748576377,81.3295543117064,497.290008898771,0.460039885522442,1.80120951487339e-09,1,1,1,15,13.6355541,,0
955,refine1,5.7333549943792,6.04530189439755,81.1592685673824,497.612004562797,0.460039887953525,4.23229301604877e-09,1,1,1,14,10.2933515,,0
955,refine1,5.7414262050887,6.03961368760824,80.9896415550146,497.933893611525,0.460039889407365,5.68613278684182e-09,1,1,1,14,10.1417061,,0
955,refine1,5.7494974157982,6.03392265105708,80.8206685070563,498.2556673895,0.460039889622278,5.90104642927969e-09,1,1,1,14,10.4595316,,0
955,refine1,5.7575686265077,6.02822858522043,80.652345096029,498.577315989945,0.460039889728531,6.00729888056151e-09,1,1,1,14,10.2176941,,0
955,refine1,5.7656398372172,6.02253126783839,80.5317959072044,498.898830047514,0.460039889741435,6.02020261419867e-09,1,1,1,14,10.6612151,,0
955,refine1,5.7737110479267,6.01683047027645,80.5487074477763,499.220199929276,0.460039889675009,5.95377669387886e-09,1,1,1,14,10.3377304,,0
955,refine1,5.7817822586362,6.01112606585981,80.5663135686513,499.541410510252,0.460039896795023,1.30737912718004e-08,1,1,1,13,7.6069884,,0
955,refine1,5.7898534693457,6.0054175937686,80.5846098918953,499.862462108159,0.460039896489228,1.2767995605234e-08,1,1,1,13,7.5117845,,0
955,refine1,5.7979246800552,5.99970491407054,80.6035957899921,500.183338979075,0.460039896070736,1.23495042525512e-08,1,0,1,13,7.2220273,,0
955,refine2,5.7575686265077,6.02822858522043,80.652345096029,498.577315989945,0.460039889728531,6.00729888056151e-09,1,1,1,14,10.7617578,,0
955,refine2,5.75837574757865,6.02765900352355,80.6355482996915,498.609473606948,0.46003988973378,6.01254790399963e-09,1,1,1,14,10.6643427,,0
955,refine2,5.7591828686496,6.02708938909079,80.6187579465992,498.641629869236,0.460039889738113,6.01688077139784e-09,1,1,1,14,10.6361731,,0
955,refine2,5.75998998972055,6.02651974169576,80.6019740318617,498.673784767262,0.460039889741541,6.02030852947522e-09,1,1,1,14,10.5656039,,0
955,refine2,5.7607971107915,6.02595006111148,80.5851965505811,498.705938291469,0.46003988974408,6.02284805362174e-09,1,1,1,14,10.8980345,,0
955,refine2,5.76160423186245,6.0253803471103,80.5684254978508,498.738090432268,0.460039889745746,6.02451355469213e-09,1,1,1,14,10.5201267,,0
955,refine2,5.7624113529334,6.02481059946393,80.5516608687544,498.77024118004,0.460039889746547,6.02531535776052e-09,1,1,1,14,11.9600296,,0
955,refine2,5.76321847400435,6.02424081794349,80.534902658368,498.802390525134,0.460039889746507,6.02527450155321e-09,1,1,1,14,11.780232,,0
955,refine2,5.7640255950753,6.02367100231934,80.5284969647205,498.834538457885,0.46003988974563,6.02439759189721e-09,1,1,1,14,12.2260466,,0
955,refine2,5.76483271614625,6.02310115236127,80.5301429589659,498.866684968585,0.460039889743935,6.02270328053933e-09,1,1,1,14,12.090399,,0
955,refine2,5.7656398372172,6.02253126783839,80.5317959072044,498.898830047514,0.460039889741435,6.02020261419867e-09,1,1,1,14,12.2235854,,0
955,refine2,5.76644695828815,6.02196134851914,80.5334558075663,498.930973684915,0.46003988973814,6.0169084714623e-09,1,1,1,14,12.1499124,,0
955,refine2,5.7672540793591,6.02139139417133,80.5351226581824,498.963115870999,0.460039889734068,6.01283589585222e-09,1,1,1,14,12.5378261,,0
955,refine2,5.76806120043005,6.0208214045621,80.5367964571825,498.995256595961,0.460039889729231,6.0079994868012e-09,1,1,1,14,12.5389393,,0
955,refine2,5.768868321501,6.02025137945788,80.538477202696,499.027395849965,0.46003988972364,6.00240845916034e-09,1,1,1,14,12.7087077,,0
955,refine2,5.76967544257195,6.01968131862452,80.5401648928527,499.059533623138,0.460039889717309,5.9960768572509e-09,1,1,1,14,12.3188261,,0
955,refine2,5.7704825636429,6.01911122182713,80.5418595257811,499.091669905586,0.460039889710254,5.98902183401862e-09,1,1,1,14,12.6681066,,0
955,refine2,5.77128968471385,6.01854108883017,80.5435610996098,499.123804687392,0.460039889702482,5.98124960671242e-09,1,1,1,14,12.6783474,,0
955,refine2,5.7720968057848,6.01797091939743,80.5452696124666,499.155937958598,0.460039889694009,5.97277660663309e-09,1,1,1,14,7.8345786,,0
955,refine2,5.77290392685575,6.01740071329204,80.5469850624796,499.188069709228,0.460039889684846,5.96361443561122e-09,1,1,1,14,7.6219946,,0
955,refine2,5.7737110479267,6.01683047027645,80.5487074477763,499.220199929276,0.460039889675009,5.95377669387886e-09,1,1,1,14,7.7480173,,0
955,refine3,5.76321847400435,6.02424081794349,80.534902658368,498.802390525134,0.460039889746507,6.02527450155321e-09,1,1,1,14,10.7499418,,0
955,refine3,5.76329918611145,6.02418383791953,80.5332271901686,498.805605382125,0.460039889746456,6.0252243194725e-09,1,1,1,14,10.6132586,,0
955,refine3,5.76337989821854,6.02412685755431,80.5315517861018,498.808820224981,0.460039889746398,6.0251655886745e-09,1,1,1,14,10.7349579,,0
955,refine3,5.76346061032564,6.0240698768476,80.5298764461632,498.812035053696,0.460039889746331,6.02509891978187e-09,1,1,1,14,10.8243744,,0
955,refine3,5.76354132243273,6.02401289579914,80.5282011703468,498.815249868259,0.460039889746254,6.02502225888202e-09,1,1,1,14,10.8120024,,0
955,refine3,5.76362203453983,6.02395591440873,80.527676575929,498.818464668658,0.460039889746171,6.02493877011057e-09,1,1,1,14,10.6538855,,0
955,refine3,5.76370274664692,6.02389893267616,80.5278405145589,498.821679454887,0.460039889746079,6.02484673262182e-09,1,1,1,14,11.1469933,,0
955,refine3,5.76378345875402,6.02384195060116,80.5280045227547,498.824894226934,0.460039889745979,6.02474670152731e-09,1,1,1,14,11.0664388,,0
955,refine3,5.76386417086111,6.02378496818351,80.5281686005151,498.828108984787,0.460039889745872,6.02463956500543e-09,1,1,1,14,11.3941578,,0
955,refine3,5.76394488296821,6.02372798542298,80.5283327478374,498.83132372844,0.460039889745756,6.02452365772166e-09,1,1,1,14,11.4072623,,0
955,refine3,5.7640255950753,6.02367100231934,80.5284969647205,498.834538457885,0.46003988974563,6.02439759189721e-09,1,1,1,14,11.5326638,,0
955,refine3,5.7641063071824,6.02361401887237,80.5286612511622,498.837753173108,0.460039889745497,6.02426503126807e-09,1,1,1,14,11.0852465,,0
955,refine3,5.76418701928949,6.02355703508183,80.5288256071605,498.840967874099,0.460039889745357,6.02412536521157e-09,1,1,1,14,11.247145,,0
955,refine3,5.76426773139659,6.02350005094747,80.5289900327138,498.844182560852,0.460039889745208,6.02397559612555e-09,1,1,1,14,11.1459395,,0
955,refine3,5.76434844350368,6.0234430664691,80.5291545278199,498.847397233357,0.460039889745049,6.02381694525533e-09,1,1,1,14,10.9031085,,0
955,refine3,5.76442915561078,6.02338608164645,80.5293190924772,498.850611891601,0.460039889744883,6.0236510224243e-09,1,1,1,14,11.2236459,,0
955,refine3,5.76450986771787,6.02332909647934,80.5294837266841,498.853826535575,0.46003988974471,6.02347766109901e-09,1,1,1,14,11.0662987,,0
955,refine3,5.76459057982497,6.02327211096747,80.5296484304378,498.857041165269,0.460039889744528,6.02329630616794e-09,1,1,1,14,11.0844468,,0
955,refine3,5.76467129193206,6.02321512511067,80.5298132037377,498.860255780676,0.460039889744339,6.02310701314224e-09,1,1,1,14,7.360572,,0
955,refine3,5.76475200403916,6.02315813890867,80.5299780465809,498.863470381786,0.46003988974414,6.02290806117622e-09,1,1,1,14,7.3815129,,0
955,refine3,5.76483271614625,6.02310115236127,80.530142958966,498.866684968585,0.460039889743935,6.02270311400588e-09,1,1,1,14,7.2810731,,0
955,refine4,5.76354132243273,6.02401289579914,80.5282011703469,498.815249868259,0.460039889746254,6.02502248092662e-09,1,1,1,14,11.8874605,,0
955,refine4,5.76354939364344,6.0240071976755,80.5280336462919,498.815571348937,0.460039889746246,6.02501409874279e-09,1,1,1,14,11.5922591,,0
955,refine4,5.76355746485415,6.02400149954842,80.527866122878,498.815892829472,0.460039889746239,6.02500677127082e-09,1,1,1,14,11.6802257,,0
955,refine4,5.76356553606486,6.02399580141794,80.5276986001055,498.816214309867,0.46003988974623,6.02499788948663e-09,1,1,1,14,11.7460705,,0
955,refine4,5.76357360727557,6.02399010328404,80.5275782461435,498.816535790119,0.460039889746223,6.02499072854812e-09,1,1,1,14,11.8680194,,1
955,refine4,5.76358167848628,6.02398440514669,80.5275946327018,498.816857270231,0.460039889746213,6.02498079205205e-09,1,1,1,14,11.8135599,,0
955,refine4,5.76358974969699,6.02397870700595,80.5276110199559,498.817178750198,0.460039889746206,6.02497396418045e-09,1,1,1,14,10.8300668,,0
955,refine4,5.7635978209077,6.02397300886178,80.5276274079056,498.817500230027,0.460039889746196,6.02496402768438e-09,1,1,1,14,10.5740237,,0
955,refine4,5.76360589211841,6.02396731071419,80.5276437965512,498.817821709712,0.460039889746189,6.02495681123472e-09,1,1,1,14,10.6898019,,0
955,refine4,5.76361396332912,6.02396161256318,80.527660185892,498.818143189257,0.460039889746179,6.02494737433901e-09,1,1,1,14,10.5491047,,0
955,refine4,5.76362203453983,6.02395591440873,80.527676575929,498.818464668658,0.460039889746171,6.02493877011057e-09,1,1,1,14,10.8724755,,0
955,refine4,5.76363010575054,6.02395021625089,80.5276929666614,498.818786147918,0.460039889746163,6.02493083201594e-09,1,1,1,14,10.8196148,,0
955,refine4,5.76363817696125,6.02394451808962,80.5277093580898,498.819107627039,0.460039889746153,6.02492100654217e-09,1,1,1,14,11.0032941,,0
955,refine4,5.76364624817196,6.02393881992491,80.5277257502133,498.819429106015,0.460039889746145,6.02491284640294e-09,1,1,1,14,10.9389189,,0
955,refine4,5.76365431938267,6.02393312175673,80.5277421430321,498.819750584854,0.460039889746132,6.0248996902601e-09,1,1,1,14,10.8823417,,0
955,refine4,5.76366239059337,6.02392742358519,80.5277585365474,498.820072063548,0.460039889746122,6.02489019785324e-09,1,1,1,14,10.6609233,,0
955,refine4,5.76367046180408,6.02392172541004,80.5277749307561,498.820393542107,0.460039889746102,6.02487015832764e-09,1,1,1,14,10.9560725,,0
955,refine4,5.76367853301479,6.02391602723166,80.5277913256628,498.820715020517,0.460039889746094,6.02486166512151e-09,1,1,1,14,10.8445368,,0
955,refine4,5.7636866042255,6.02391032905006,80.5278077212675,498.821036498775,0.460039889746098,6.02486649459166e-09,1,1,1,14,7.4112623,,0
955,refine4,5.76369467543621,6.02390463086482,80.5278241175652,498.821357976901,0.460039889746089,6.0248570021848e-09,1,1,1,14,7.3353927,,0
955,refine4,5.76370274664692,6.02389893267616,80.5278405145589,498.821679454887,0.460039889746079,6.02484673262182e-09,1,1,1,14,7.3107456,,0
1519,coarse,3.49858422374777,NaN,NaN,NaN,NaN,NaN,0,0,0,5,43.6797104,recovery_not_bracketed_in_P2,0
1519,coarse,3.57860782001864,NaN,NaN,NaN,NaN,NaN,0,0,0,5,40.491916,recovery_not_bracketed_in_P2,0
1519,coarse,3.65863141628951,NaN,NaN,NaN,NaN,NaN,0,0,0,5,37.4577856,recovery_not_bracketed_in_P2,0
1519,coarse,3.73865501256038,NaN,NaN,NaN,NaN,NaN,0,0,0,5,34.0326444,recovery_not_bracketed_in_P2,0
1519,coarse,3.81867860883125,NaN,NaN,NaN,NaN,NaN,0,0,0,5,31.4321245,recovery_not_bracketed_in_P2,0
1519,coarse,3.89870220510212,NaN,NaN,NaN,NaN,NaN,0,0,0,5,25.9091011,recovery_not_bracketed_in_P2,0
1519,coarse,3.97872580137299,NaN,NaN,NaN,NaN,NaN,0,0,0,5,5.4206722,recovery_not_bracketed_in_P2,0
1519,coarse,4.05874939764386,NaN,NaN,NaN,NaN,NaN,0,0,0,5,4.632472,recovery_not_bracketed_in_P2,0
1519,coarse,4.13877299391473,NaN,NaN,NaN,NaN,NaN,0,0,0,5,4.3950605,recovery_not_bracketed_in_P2,0
1519,coarse,4.2187965901856,8.27446377765092,157.135784651682,427.370509599089,0.491716835103141,9.93359124118465e-06,1,0,1,9,6.7549246,,0
1519,coarse,4.29882018645647,8.20699000494575,153.562923749191,429.907699832176,0.49170699417941,9.26675108314789e-08,1,0,1,13,9.7255263,,0
1519,coarse,4.37884378272734,8.1396935134807,150.069405744226,432.440866373443,0.491708192619585,1.29110768487539e-06,1,0,1,11,8.9896214,,0
1519,coarse,4.45886737899821,8.07248789582698,146.65403287121,434.980273581678,0.49170831266199,1.41115008994719e-06,1,0,1,11,9.3889309,,0
1519,coarse,4.53889097526908,8.00550363549524,143.32110318504,437.52765472968,0.491710077082295,3.17557039541949e-06,1,0,1,10,8.1446143,,0
1519,coarse,4.61891457153996,7.93875032581389,140.07116187007,440.087450641618,0.491709854445265,2.95293336566305e-06,1,0,1,10,7.6441075,,0
1519,coarse,4.69893816781083,7.87231180857122,136.906465607182,442.660708836184,0.491709455391049,2.55387914965821e-06,1,0,1,10,7.3867582,,0
1519,coarse,4.7789617640817,7.80627469511286,133.829067282511,445.24758183299,0.491711530476632,4.62896473274466e-06,1,0,1,9,7.726024,,0
1519,coarse,4.85898536035257,7.74058046193862,130.836904854219,447.852423001494,0.491710389198323,3.48768642371988e-06,1,0,1,9,7.5470728,,0
1519,coarse,4.93900895662344,7.67530855488012,127.931486661586,450.474489328432,0.491709249351238,2.34783933839022e-06,1,0,1,9,7.0400008,,0
1519,coarse,5.01903255289431,7.61048179175166,125.112665811034,453.114484465817,0.491708230109127,1.32859722778988e-06,1,0,1,9,6.7525456,,0
1519,coarse,5.09905614916518,7.54611762181129,122.380055747262,455.772923233082,0.491707441236203,5.39724302861533e-07,1,0,1,9,6.8369194,,0
1519,coarse,5.17907974543605,7.48222773490537,119.733042866548,458.450191108149,0.491706919627118,1.81152184364208e-08,1,0,1,11,9.3479247,,0
1519,coarse,5.25910334170692,7.41913604653192,117.179080261707,461.135633121065,0.491725839882706,1.89383708064095e-05,1,0,1,8,6.9259438,,0
1519,coarse,5.33912693797779,7.35590253083219,114.692690050477,463.861819559037,0.491707140609318,2.39097418142098e-07,1,0,1,12,9.0968887,,0
1519,coarse,5.41915053424866,7.29346382301261,112.297200090948,466.596469886224,0.491707518697381,6.17185480999982e-07,1,0,1,11,8.6195673,,0
1519,coarse,5.49917413051953,7.23150493212792,109.983354278755,469.350115758202,0.491708170101944,1.26859004445645e-06,1,0,1,10,7.6635918,,0
1519,coarse,5.5791977267904,7.16999809297303,107.74937826903,472.123143916582,0.491707905844911,1.00433301142289e-06,1,1,1,10,8.6206534,,0
1519,coarse,5.65922132306127,7.10894524616873,105.594265544026,474.914613061309,0.491707563150024,6.61638123955477e-07,1,1,1,10,7.9743091,,0
1519,coarse,5.73924491933214,7.0483386470416,103.516774146522,477.72359312024,0.491707653317698,7.51805798615557e-07,1,1,1,9,7.0370084,,0
1519,coarse,5.81926851560301,6.98813933932095,101.514904793882,480.549892258109,0.49170711823239,2.16720489998323e-07,1,1,1,9,6.898879,,0
1519,coarse,5.89929211187388,6.92833943957904,99.5874819813888,483.391801612174,0.491707086364489,1.84852589291129e-07,1,1,1,11,8.4438918,,0
1519,coarse,5.89929211187388,6.92833943957904,99.5874819813887,483.391801612174,0.491707086364489,1.84852589180107e-07,1,1,1,11,9.5697613,,0
1519,coarse,5.97931570814475,6.86889612732101,97.7325120052347,486.24835525491,0.491706999588174,9.80762743796326e-08,1,1,1,12,9.3299495,,0
1519,coarse,6.05933930441562,6.80977286316808,95.9482349819296,489.117773501836,0.491707140969109,2.39457209672e-07,1,1,1,11,8.3195378,,0
1519,coarse,6.1393629006865,6.7509112824299,94.2324510932131,491.998332909087,0.491707074051639,1.72539739384803e-07,1,1,1,11,8.3955474,,0
1519,coarse,6.21938649695737,6.69225357239982,92.5831014681037,494.887396993037,0.491707094107016,1.92595116466077e-07,1,1,1,10,8.4943274,,0
1519,coarse,6.29941009322824,6.63371756222738,90.9976947492496,497.782074474815,0.49170694435,4.28381005668221e-08,1,1,1,10,8.3895114,,0
1519,coarse,6.37943368949911,6.57529435271156,90.3844636948615,500.675442831906,0.491711685843128,4.78433122835797e-06,1,0,1,8,7.00507,,0
1519,coarse,6.45945728576998,6.51661229900955,90.6568218664284,503.571587112269,0.491706925549176,2.40372762250196e-08,1,0,1,12,10.28227,,0
1519,coarse,6.53948088204085,6.45776490936276,90.9888938290538,506.455640081073,0.49170691448756,1.29756601019437e-08,1,0,1,12,10.7268529,,0
1519,coarse,6.61950447831172,6.39847154167208,91.378287561407,509.322692598757,0.491706907040459,5.52855977664635e-09,1,0,1,11,9.0064526,,0
1519,coarse,6.69952807458259,NaN,NaN,NaN,NaN,NaN,0,0,0,5,4.109386,recovery_not_bracketed_in_P2,0
1519,coarse,6.77955167085346,NaN,NaN,NaN,NaN,NaN,0,0,0,5,4.1773118,recovery_not_bracketed_in_P2,0
1519,coarse,6.85957526712433,NaN,NaN,NaN,NaN,NaN,0,0,0,5,4.3520531,recovery_not_bracketed_in_P2,0
1519,coarse,6.9395988633952,NaN,NaN,NaN,NaN,NaN,0,0,0,5,4.1701865,recovery_not_bracketed_in_P2,0
1519,coarse,7.01962245966607,NaN,NaN,NaN,NaN,NaN,0,0,0,5,4.12857,recovery_not_bracketed_in_P2,0
1519,coarse,7.09964605593694,NaN,NaN,NaN,NaN,NaN,0,0,0,5,4.2662261,recovery_not_bracketed_in_P2,0
1519,coarse,7.17966965220781,NaN,NaN,NaN,NaN,NaN,0,0,0,5,4.4205681,recovery_not_bracketed_in_P2,0
1519,coarse,7.25969324847868,NaN,NaN,NaN,NaN,NaN,0,0,0,5,4.1084153,recovery_not_bracketed_in_P2,0
1519,coarse,7.33971684474955,NaN,NaN,NaN,NaN,NaN,0,0,0,5,4.2681455,recovery_not_bracketed_in_P2,0
1519,coarse,7.41974044102042,NaN,NaN,NaN,NaN,NaN,0,0,0,5,4.2854798,recovery_not_bracketed_in_P2,0
1519,coarse,7.49976403729129,NaN,NaN,NaN,NaN,NaN,0,0,0,5,4.4009802,recovery_not_bracketed_in_P2,0
1519,coarse,7.57978763356217,NaN,NaN,NaN,NaN,NaN,0,0,0,5,4.09967,recovery_not_bracketed_in_P2,0
1519,coarse,7.65981122983304,NaN,NaN,NaN,NaN,NaN,0,0,0,5,4.2864073,recovery_not_bracketed_in_P2,0
1519,coarse,7.73983482610391,NaN,NaN,NaN,NaN,NaN,0,0,0,5,4.2085894,recovery_not_bracketed_in_P2,0
1519,coarse,7.81985842237478,NaN,NaN,NaN,NaN,NaN,0,0,0,5,4.3612323,recovery_not_bracketed_in_P2,0
1519,coarse,7.89988201864565,NaN,NaN,NaN,NaN,NaN,0,0,0,5,4.3494644,recovery_not_bracketed_in_P2,0
1519,coarse,7.97990561491652,NaN,NaN,NaN,NaN,NaN,0,0,0,5,4.3455897,recovery_not_bracketed_in_P2,0
1519,coarse,8.05992921118739,NaN,NaN,NaN,NaN,NaN,0,0,0,5,4.0210555,recovery_not_bracketed_in_P2,0
1519,coarse,8.13995280745826,NaN,NaN,NaN,NaN,NaN,0,0,0,5,3.8807078,recovery_not_bracketed_in_P2,0
1519,coarse,8.21997640372913,NaN,NaN,NaN,NaN,NaN,0,0,0,5,3.4903162,recovery_not_bracketed_in_P2,0
1519,coarse,8.3,NaN,NaN,NaN,NaN,NaN,0,0,0,5,3.2399354,recovery_not_bracketed_in_P2,0
1519,refine1,6.21938649695737,6.69225357239982,92.5831014681037,494.887396993037,0.491707094107016,1.92595116466077e-07,1,1,1,10,8.4872783,,0
1519,refine1,6.22738885658445,6.68639573885904,92.4217201112805,495.176675075871,0.491707075772186,1.74260286700534e-07,1,1,1,10,8.2059746,,0
1519,refine1,6.23539121621154,6.68053908916485,92.2609768179723,495.46600512383,0.491707057983223,1.564713232316e-07,1,1,1,10,8.4163425,,0
1519,refine1,6.24339357583863,6.67468353577931,92.1008690884447,495.755383592565,0.491707040822894,1.39310994351494e-07,1,1,1,10,8.3315145,,0
1519,refine1,6.25139593546571,6.66882898911813,91.9413943950227,496.044806861803,0.491707024369753,1.22857853834812e-07,1,1,1,10,8.3785623,,0
1519,refine1,6.2593982950928,6.66297535749833,91.7825501814244,496.334271233376,0.49170700869807,1.07186169995277e-07,1,1,1,10,8.2291699,,0
1519,refine1,6.26740065471989,6.65712254708398,91.6243338620672,496.623772929179,0.491706993877736,9.23658361462465e-08,1,1,1,10,8.551494,,0
1519,refine1,6.27540301434698,6.65127046183034,91.4667428213557,496.913308089069,0.491706979974186,7.84622868343909e-08,1,1,1,10,8.2226218,,0
1519,refine1,6.28340537397406,6.64541900342607,91.3097744129425,497.20287276867,0.491706967048321,6.55364213453247e-08,1,1,1,10,8.0503422,,0
1519,refine1,6.29140773360115,6.63956807123361,91.1534259589645,497.492462937135,0.49170695515641,5.36445102783389e-08,1,1,1,10,8.3490034,,0
1519,refine1,6.29941009322824,6.63371756222738,90.9976947492496,497.782074474815,0.49170694435,4.28381005668221e-08,1,1,1,10,8.386244,,0
1519,refine1,6.30741245285532,6.62786737093021,90.8425780405029,498.071703170855,0.49170693467583,3.3163930768243e-08,1,1,1,10,8.1502177,,0
1519,refine1,6.31541481248241,6.62201738934728,90.6880730554541,498.361344720708,0.491706926175724,2.46638239276287e-08,1,1,1,10,7.6965145,,0
1519,refine1,6.3234171721095,6.61616750689815,90.5341769819869,498.650994723565,0.491706918886495,1.73745949294535e-08,1,1,1,10,8.0071021,,0
1519,refine1,6.33141953173658,6.61031745629362,90.3808832662956,498.940654156523,0.49170690394131,2.42941022854382e-09,1,1,1,12,9.1861261,,0
1519,refine1,6.33942189136367,6.60446749511775,90.2694070729614,499.23030513671,0.4917069029472,1.43529987894908e-09,1,1,1,12,9.5195385,,0
1519,refine1,6.34742425099076,6.59872567966523,90.2922391196457,499.516100102664,0.491713156484558,6.25497265849262e-06,1,1,1,8,6.6756166,,0
1519,refine1,6.35542661061785,6.59279436877849,90.3135517466524,499.808603850031,0.491708499741025,1.59822912554342e-06,1,1,1,9,7.1855437,,0
1519,refine1,6.36342897024493,6.58691652861264,90.3360803646858,500.09917466634,0.49170695956622,5.80543202954864e-08,1,0,1,11,5.9682615,,0
1519,refine1,6.37143132987202,6.5810838464189,90.3597265937316,500.388100230226,0.491708058634108,1.15712220866149e-06,1,0,1,9,5.1565243,,0
1519,refine1,6.37943368949911,6.57529435271156,90.3844636948615,500.675442831906,0.491711685843128,4.78433122835797e-06,1,0,1,8,5.0903942,,0
1519,refine2,6.33141953173659,6.61031745629362,90.3808832662956,498.940654156523,0.49170690394131,2.42941022854382e-09,1,1,1,12,9.8683067,,0
1519,refine2,6.33221976769929,6.60973246878129,90.3655876653552,498.969619331492,0.491706903831668,2.31976804432321e-09,1,1,1,12,9.6325343,,0
1519,refine2,6.333020003662,6.60914747967196,90.3502980889525,498.998584501865,0.49170690372423,2.21233026342915e-09,1,1,1,12,9.7131789,,0
1519,refine2,6.33382023962471,6.6085624888478,90.3350145341775,499.027549662974,0.491706903619018,2.10711864623292e-09,1,1,1,12,9.4412918,,0
1519,refine2,6.33462047558742,6.60797749619092,90.3197369981224,499.056514810136,0.491706903516064,2.00416472306841e-09,1,1,1,12,9.7195082,,0
1519,refine2,6.33542071155013,6.60739250158297,90.3044654778716,499.085479938659,0.491706903415393,1.90349341844254e-09,1,1,1,12,9.03468,,0
1519,refine2,6.33622094751284,6.60680750490539,90.2891999705071,499.114445043839,0.491706903317032,1.80513259895321e-09,1,1,1,12,9.6445374,,0
1519,refine2,6.33702118347555,6.60622250603933,90.2739404731068,499.143410120962,0.491706903221007,1.70910752217424e-09,1,1,1,12,9.5764442,,0
1519,refine2,6.33782141943825,6.6056375048657,90.2651576545686,499.172375165308,0.491706903127342,1.61544239096756e-09,1,1,1,12,9.6497038,,0
1519,refine2,6.33862165540096,6.60505250126508,90.2672793138783,499.201340172138,0.491706903036066,1.52416634868757e-09,1,1,1,12,9.4677489,,0
1519,refine2,6.33942189136367,6.60446749511775,90.2694070729614,499.23030513671,0.4917069029472,1.43529987894908e-09,1,1,1,12,9.6529417,,0
1519,refine2,6.34022212732638,6.60422595783702,90.2754148941384,499.247064762047,0.491726728834574,1.98273226743595e-05,1,1,1,7,5.5447188,,0
1519,refine2,6.34102236328909,6.60363106495356,90.2774422143899,499.276381181283,0.49172615716556,1.9255653660788e-05,1,1,1,7,5.4337448,,0
1519,refine2,6.3418225992518,6.60303607644493,90.2794746550526,499.305700815544,0.491725580218217,1.86787063171656e-05,1,1,1,7,5.5002118,,0
1519,refine2,6.34262283521451,6.60244099226329,90.2815122165107,499.335023656915,0.491724997997931,1.80964860314603e-05,1,1,1,7,5.5215751,,0
1519,refine2,6.34342307117722,6.6018458123608,90.2835548991514,499.364349697452,0.491724410510111,1.75089982109022e-05,1,1,1,7,5.5518855,,0
1519,refine2,6.34422330713992,6.6012505366895,90.2856027033623,499.393678929185,0.491723817760181,1.69162482818175e-05,1,1,1,7,5.7011902,,0
1519,refine2,6.34502354310263,6.60065516520158,90.2876556295354,499.423011344122,0.491723219753586,1.63182416862417e-05,1,1,1,7,5.5553583,,0
1519,refine2,6.34582377906534,6.59990359056021,90.2879568272081,499.457892693937,0.491713609651539,6.70813963954409e-06,1,1,1,8,5.893288,,0
1519,refine2,6.34662401502805,6.5993146844056,90.290095450268,499.486994764027,0.491713385787963,6.48427606286806e-06,1,1,1,8,4.2334688,,0
1519,refine2,6.34742425099076,6.59872567966523,90.2922391196457,499.516100102664,0.491713156484558,6.25497265849262e-06,1,1,1,8,4.0841709,,0
1519,refine3,6.33702118347555,6.60622250603933,90.2739404731068,499.143410120962,0.491706903221007,1.70910746666308e-09,1,1,1,12,9.6750515,,0
1519,refine3,6.33710120707182,6.60616400602779,90.2724148538025,499.146306626952,0.491706903211533,1.6996335450159e-09,1,1,1,12,9.4768061,,0
1519,refine3,6.33718123066809,6.60610550599305,90.2708892945658,499.149203132605,0.491706903202085,1.69018560258749e-09,1,1,1,12,9.6893293,,0
1519,refine3,6.33726125426436,6.60604700593498,90.269363795393,499.152099637923,0.491706903192659,1.68075919848576e-09,1,1,1,12,9.4285898,,0
1519,refine3,6.33734127786063,6.60598850585348,90.267838356282,499.1549961429,0.491706903183255,1.67135577600064e-09,1,1,1,12,9.7697942,,0
1519,refine3,6.3374213014569,6.60593000574843,90.2663129772298,499.157892647529,0.491706903173878,1.66197816620084e-09,1,1,1,12,9.5167242,,0
1519,refine3,6.33750132505317,6.6058715056197,90.2647876582331,499.160789151807,0.491706903164522,1.65262209472772e-09,1,1,1,12,9.6881287,,0
1519,refine3,6.33758134864944,6.60581300546719,90.2645223464465,499.163685655727,0.491706903155192,1.64329272411834e-09,1,1,1,12,9.3587034,,0
1519,refine3,6.33766137224571,6.60575450529078,90.2647340548062,499.16658215929,0.491706903145884,1.63398455876873e-09,1,1,1,12,9.7597643,,0
1519,refine3,6.33774139584198,6.60569600509032,90.2649458241808,499.169478662483,0.491706903136602,1.62470265019365e-09,1,1,1,12,9.3947632,,0
1519,refine3,6.33782141943825,6.6056375048657,90.2651576545686,499.172375165308,0.491706903127342,1.61544239096756e-09,1,1,1,12,9.7591526,,0
1519,refine3,6.33790144303453,6.60557900461684,90.2653695459689,499.175271667758,0.491706903118107,1.60620694522606e-09,1,1,1,12,9.5099182,,0
1519,refine3,6.3379814666308,6.60552050434357,90.2655814983798,499.178168169827,0.491706903108895,1.5969957023465e-09,1,1,1,12,9.5848761,,0
1519,refine3,6.33806149022707,6.6054620040458,90.2657935118,499.18106467151,0.491706903099709,1.58780982806306e-09,1,1,1,12,9.4475962,,0
1519,refine3,6.33814151382334,6.6054035037234,90.2660055862278,499.183961172807,0.491706903090544,1.57864471495017e-09,1,1,1,12,9.4917711,,0
1519,refine3,6.33822153741961,6.60534500337622,90.2662177216618,499.18685767371,0.491706903081403,1.56950308305426e-09,1,1,1,12,9.8630964,,0
1519,refine3,6.33830156101588,6.60528650300421,90.2664299181009,499.189754174213,0.491706903072287,1.56038709731021e-09,1,1,1,12,9.8995203,,0
1519,refine3,6.33838158461215,6.60522800260722,90.2666421755438,499.19265067431,0.491706903063197,1.55129686874034e-09,1,1,1,12,9.8930935,,0
1519,refine3,6.33846160820842,6.60516950218508,90.2668544939882,499.195547174002,0.491706903054127,1.54222751236333e-09,1,1,1,12,6.8665849,,0
1519,refine3,6.33854163180469,6.60511100173776,90.2670668734338,499.19844367328,0.491706903045084,1.53318430173854e-09,1,1,1,12,6.8863028,,0
1519,refine3,6.33862165540096,6.60505250126508,90.2672793138783,499.201340172138,0.491706903036066,1.52416634868757e-09,1,1,1,12,6.7715968,,0
1519,refine4,6.33750132505317,6.6058715056197,90.2647876582331,499.160789151807,0.491706903164522,1.65262226126117e-09,1,1,1,12,10.1967209,,0
1519,refine4,6.3375093274128,6.60586565560553,90.2646351296367,499.161078802214,0.491706903163589,1.65168928534243e-09,1,1,1,12,10.2040449,,0
1519,refine4,6.33751732977242,6.6058598055911,90.2644826016401,499.16136845262,0.491706903162654,1.65075453306684e-09,1,1,1,12,10.0400755,,0
1519,refine4,6.33752533213205,6.60585395557645,90.2643741868996,499.161658103021,0.491706903161721,1.64982094652544e-09,1,1,1,12,9.7735789,,1
1519,refine4,6.33753333449168,6.60584810556157,90.2643953507188,499.161947753418,0.491706903160787,1.64888763753979e-09,1,1,1,12,10.1729032,,0
1519,refine4,6.33754133685131,6.60584225554643,90.264416515148,499.162237403812,0.491706903159854,1.64795477264335e-09,1,1,1,12,9.8063024,,0
1519,refine4,6.33754933921093,6.60583640553107,90.2644376801873,499.162527054202,0.491706903158922,1.64702218530266e-09,1,1,1,12,10.001163,,0
1519,refine4,6.33755734157056,6.60583055551546,90.264458845837,499.162816704587,0.49170690315799,1.646090708185e-09,1,1,1,12,9.6650754,,0
1519,refine4,6.33756534393019,6.60582470549961,90.2644800120967,499.163106354971,0.491706903157057,1.64515762124395e-09,1,1,1,12,10.1767104,,0
1519,refine4,6.33757334628981,6.60581885548352,90.2645011789665,499.163396005352,0.491706903156124,1.644224201236e-09,1,1,1,12,10.0735373,,0
1519,refine4,6.33758134864944,6.60581300546719,90.2645223464465,499.163685655727,0.491706903155192,1.64329272411834e-09,1,1,1,12,10.089232,,0
1519,refine4,6.33758935100907,6.60580715545065,90.2645435145371,499.1639753061,0.491706903154261,1.64236169108989e-09,1,1,1,12,9.9554346,,0
1519,refine4,6.3375973533687,6.60580130543384,90.2645646832373,499.164264956468,0.491706903153329,1.64142976988302e-09,1,1,1,12,9.4711498,,0
1519,refine4,6.33760535572832,6.60579545541679,90.2645858525479,499.164554606834,0.491706903152397,1.64049757112039e-09,1,1,1,12,9.5775442,,0
1519,refine4,6.33761335808795,6.6057896053995,90.2646070224685,499.164844257195,0.491706903151467,1.63956720422576e-09,1,1,1,12,9.5198511,,0
1519,refine4,6.33762136044758,6.60578375538199,90.2646281929996,499.165133907552,0.491706903150537,1.63863700386457e-09,1,1,1,12,9.7393356,,0
1519,refine4,6.3376293628072,6.60577790536419,90.2646493641403,499.165423557907,0.491706903149605,1.63770491612425e-09,1,1,1,12,9.8828628,,0
1519,refine4,6.33763736516683,6.6057720553462,90.2646705358914,499.165713208257,0.491706903148675,1.63677571496379e-09,1,1,1,12,9.489963,,0
1519,refine4,6.33764536752646,6.60576620532797,90.264691708253,499.166002858606,0.491706903147744,1.63584407131268e-09,1,1,1,12,6.5866263,,0
1519,refine4,6.33765336988609,6.60576035530949,90.2647128812243,499.166292508948,0.491706903146815,1.63491498117452e-09,1,1,1,12,6.7239644,,0
1519,refine4,6.33766137224571,6.60575450529078,90.2647340548062,499.16658215929,0.491706903145884,1.63398455876873e-09,1,1,1,12,6.6889961,,0
2330,coarse,3.44358775667664,7.83525138444874,163.267942137064,409.236447698694,0.465042980256471,1.88120893416244e-05,1,0,1,9,44.7488482,,0
2330,coarse,3.52452796073203,7.78202195757645,159.710505713711,412.550673080614,0.465041497943414,1.73297762842139e-05,1,0,1,9,41.2257443,,0
2330,coarse,3.60546816478742,7.72568737624865,156.075896282064,415.747125120144,0.465039611781562,1.54436144326198e-05,1,0,1,9,38.5157086,,0
2330,coarse,3.68640836884281,7.66692556987232,152.401863475605,418.852124433046,0.465037401323496,1.32331563668098e-05,1,0,1,9,36.8736079,,0
2330,coarse,3.7673485728982,7.60633738250617,148.720636136835,421.888899139644,0.465034980748739,1.08125816096205e-05,1,0,1,9,34.4643648,,0
2330,coarse,3.84828877695359,7.54443126414663,145.058537351526,424.877018187466,0.465032487760809,8.31959367980639e-06,1,0,1,9,30.6666356,,0
2330,coarse,3.92922898100898,7.48162286134724,141.436327706844,427.832401078532,0.465030072987201,5.90482007162274e-06,1,0,1,9,26.0334908,,0
2330,coarse,4.01016918506437,7.41830890626885,137.8718016229,430.764869988908,0.465032538322255,8.37015512578088e-06,1,0,1,8,6.9639194,,0
2330,coarse,4.09110938911976,7.35458896951068,134.372331228221,433.691219905448,0.465028553237001,4.38506987165965e-06,1,0,1,8,6.3980288,,0
2330,coarse,4.17204959317514,7.29076945671435,130.94972618135,436.614621685206,0.465025677519864,1.50935273451891e-06,1,0,1,8,6.1985343,,0
2330,coarse,4.25298979723053,7.22718148769438,127.615270405309,439.533286810873,0.465036383739566,1.22155724369688e-05,1,0,1,9,6.4910813,,0
2330,coarse,4.33393000128592,7.1634309373045,124.359032407502,442.474351024982,0.465024255520718,8.73535886403154e-08,1,0,1,13,10.1322613,,0
2330,coarse,4.41487020534131,7.10012251137763,121.198464268208,445.41879806779,0.465025625753687,1.45758655784034e-06,1,0,1,11,8.5271596,,0
2330,coarse,4.4958104093967,7.03711996988262,118.129764194191,448.378410955202,0.465025855611928,1.6874447990034e-06,1,0,1,11,8.1931094,,0
2330,coarse,4.57675061345209,6.97451970460027,115.155270383621,451.353309100452,0.465027970865575,3.80269844529879e-06,1,0,1,10,7.3938028,,0
2330,coarse,4.65769081750748,6.91229881970632,112.27376730674,454.347812370526,0.465027570382018,3.40221488848158e-06,1,0,1,10,7.4792625,,0
2330,coarse,4.73863102156287,6.85056665995022,109.487449794567,457.359355541039,0.465030318281324,6.15011419508038e-06,1,0,1,9,7.2961568,,0
2330,coarse,4.81957122561826,6.78923459939569,106.792983182576,460.393520753092,0.465028693075948,4.52490881824863e-06,1,0,1,9,6.7328977,,0
2330,coarse,4.90051142967365,6.72837508805957,104.191296312776,463.447897000436,0.465027024236847,2.85606971778263e-06,1,0,1,9,6.8726485,,0
2330,coarse,4.98145163372904,6.66799478211152,101.681454472318,466.522390835026,0.46502556846371,1.40029658057816e-06,1,1,1,9,6.7493707,,0
2330,coarse,5.06239183778443,6.60809258843255,99.2622705046251,469.616630386184,0.465024552804946,3.846378163197e-07,1,1,1,9,6.8549876,,0
2330,coarse,5.06239183778443,6.60809258843254,99.262270504625,469.616630386184,0.465024552804946,3.84637816264188e-07,1,1,1,9,7.0720627,,0
2330,coarse,5.14333204183982,6.548660757077,96.9323620183123,472.729908014293,0.465024253527504,8.53603743800058e-08,1,1,1,12,9.1251024,,0
2330,coarse,5.22427224589521,6.48967603541217,94.6899472281742,475.861552842619,0.465024416581512,2.48414382231221e-07,1,1,1,12,8.9976309,,0
2330,coarse,5.3052124499506,6.43110753951403,92.5330822323523,479.010496904327,0.46502485905036,6.90883230791695e-07,1,1,1,11,8.3387447,,0
2330,coarse,5.38615265400598,6.37291661836475,90.4596859642535,482.175167288293,0.465025544421715,1.37625458584978e-06,1,1,1,10,7.5251546,,0
2330,coarse,5.46709285806137,6.3150342025273,88.4669931235946,485.354380067835,0.465025170596089,1.00242895945124e-06,1,1,1,10,7.9947522,,0
2330,coarse,5.54803306211676,6.25741062621936,86.5528742661261,488.544782251206,0.465024729643272,5.61476142357797e-07,1,1,1,10,7.7025412,,0
2330,coarse,5.62897326617215,6.1999697726959,84.714701322578,491.742670940407,0.465024621055415,4.52888286039954e-07,1,1,1,9,6.9105035,,0
2330,coarse,5.70991347022754,6.14259668924106,82.9491093921423,494.944125343793,0.465024176205883,8.03875366273132e-09,1,1,1,11,8.3338605,,0
2330,coarse,5.79085367428293,6.08516802898349,81.2528533296285,498.1429536267,0.465024172452894,4.28576474309494e-09,1,1,1,14,11.1576295,,0
2330,coarse,5.87179387833832,6.02750209835784,80.9594805306665,501.332111338661,0.465024181326537,1.31594078967012e-08,1,0,1,13,9.9371136,,0
2330,coarse,5.95273408239371,5.96936790891712,81.215254377594,504.501938991864,0.465024179928532,1.17614025740842e-08,1,0,1,12,9.1713393,,0
2330,coarse,6.0336742864491,5.91045669105824,81.536363292586,507.639464499739,0.465024168851088,6.83958278901997e-10,1,0,1,12,9.00465,,0
2330,coarse,6.11461449050449,5.8505385936476,81.9227655238016,510.71853988626,0.465036199641778,1.20314746482331e-05,1,0,1,6,4.9573751,,0
2330,coarse,6.19555469455988,NaN,NaN,NaN,NaN,NaN,0,0,0,5,3.7495433,recovery_not_bracketed_in_P2,0
2330,coarse,6.27649489861527,NaN,NaN,NaN,NaN,NaN,0,0,0,5,4.0083358,recovery_not_bracketed_in_P2,0
2330,coarse,6.35743510267066,NaN,NaN,NaN,NaN,NaN,0,0,0,5,3.9253645,recovery_not_bracketed_in_P2,0
2330,coarse,6.43837530672605,NaN,NaN,NaN,NaN,NaN,0,0,0,5,3.8929617,recovery_not_bracketed_in_P2,0
2330,coarse,6.51931551078144,NaN,NaN,NaN,NaN,NaN,0,0,0,5,4.1738951,recovery_not_bracketed_in_P2,0
2330,coarse,6.60025571483683,NaN,NaN,NaN,NaN,NaN,0,0,0,5,3.8443986,recovery_not_bracketed_in_P2,0
2330,coarse,6.68119591889221,NaN,NaN,NaN,NaN,NaN,0,0,0,5,4.2058705,recovery_not_bracketed_in_P2,0
2330,coarse,6.7621361229476,NaN,NaN,NaN,NaN,NaN,0,0,0,5,4.1197672,recovery_not_bracketed_in_P2,0
2330,coarse,6.84307632700299,NaN,NaN,NaN,NaN,NaN,0,0,0,5,3.8389176,recovery_not_bracketed_in_P2,0
2330,coarse,6.92401653105838,NaN,NaN,NaN,NaN,NaN,0,0,0,5,3.9601971,recovery_not_bracketed_in_P2,0
2330,coarse,7.00495673511377,NaN,NaN,NaN,NaN,NaN,0,0,0,5,3.8165848,recovery_not_bracketed_in_P2,0
2330,coarse,7.08589693916916,NaN,NaN,NaN,NaN,NaN,0,0,0,5,2.2377533,recovery_not_bracketed_in_P2,0
2330,coarse,7.16683714322455,NaN,NaN,NaN,NaN,NaN,0,0,0,5,2.2575207,recovery_not_bracketed_in_P2,0
2330,coarse,7.24777734727994,NaN,NaN,NaN,NaN,NaN,0,0,0,5,4.1902211,recovery_not_bracketed_in_P2,0
2330,coarse,7.32871755133533,NaN,NaN,NaN,NaN,NaN,0,0,0,5,3.8580746,recovery_not_bracketed_in_P2,0
2330,coarse,7.40965775539072,NaN,NaN,NaN,NaN,NaN,0,0,0,5,4.4484311,recovery_not_bracketed_in_P2,0
2330,coarse,7.49059795944611,NaN,NaN,NaN,NaN,NaN,0,0,0,5,3.9073293,recovery_not_bracketed_in_P2,0
2330,coarse,7.5715381635015,NaN,NaN,NaN,NaN,NaN,0,0,0,5,3.9392248,recovery_not_bracketed_in_P2,0
2330,coarse,7.65247836755689,NaN,NaN,NaN,NaN,NaN,0,0,0,5,4.2245078,recovery_not_bracketed_in_P2,0
2330,coarse,7.73341857161228,NaN,NaN,NaN,NaN,NaN,0,0,0,5,3.9804282,recovery_not_bracketed_in_P2,0
2330,coarse,7.81435877566766,NaN,NaN,NaN,NaN,NaN,0,0,0,5,3.9097325,recovery_not_bracketed_in_P2,0
2330,coarse,7.89529897972305,NaN,NaN,NaN,NaN,NaN,0,0,0,5,4.5098326,recovery_not_bracketed_in_P2,0
2330,coarse,7.97623918377844,NaN,NaN,NaN,NaN,NaN,0,0,0,5,4.1554096,recovery_not_bracketed_in_P2,0
2330,coarse,8.05717938783383,NaN,NaN,NaN,NaN,NaN,0,0,0,5,4.1048451,recovery_not_bracketed_in_P2,0
2330,coarse,8.13811959188922,NaN,NaN,NaN,NaN,NaN,0,0,0,5,4.1421151,recovery_not_bracketed_in_P2,0
2330,coarse,8.21905979594461,NaN,NaN,NaN,NaN,NaN,0,0,0,5,3.6092943,recovery_not_bracketed_in_P2,0
2330,coarse,8.3,NaN,NaN,NaN,NaN,NaN,0,0,0,5,3.7401537,recovery_not_bracketed_in_P2,0
2330,refine1,5.70991347022754,6.14259668924106,82.9491093921423,494.944125343793,0.465024176205883,8.03875399579823e-09,1,1,1,11,9.1911088,,0
2330,refine1,5.71800749063308,6.13705800631249,82.7814051592112,495.254972791985,0.46503737897171,1.32108045805546e-05,1,1,1,8,6.5562713,,0
2330,refine1,5.72610151103862,6.13126402274642,82.6080225625101,495.577631041759,0.465033672526204,9.50435907476344e-06,1,1,1,8,6.6799012,,0
2330,refine1,5.73419553144416,6.12541639079472,82.4340097492752,495.90270259085,0.465026474622516,2.30645538629171e-06,1,1,1,9,7.3738796,,0
2330,refine1,5.7422895518497,6.11964140179779,82.2625201319127,496.224305371644,0.46502417050793,2.34080083094668e-09,1,1,1,14,11.8272261,,0
2330,refine1,5.75038357225524,6.11392940539775,82.0933092316028,496.542877361445,0.465026121119113,1.95295198346379e-06,1,1,1,9,7.4285168,,0
2330,refine1,5.75847759266078,6.10826966515889,81.9261062375936,496.858906303064,0.465031617469337,7.44930220764051e-06,1,1,1,8,7.2759779,,0
2330,refine1,5.76657161306631,6.10256856310968,81.7585783673493,497.176720773015,0.465034475622883,1.03074557540328e-05,1,1,1,8,7.1578654,,0
2330,refine1,5.77466563347185,6.0966664145296,81.5867569237512,497.503699471478,0.465024169865337,1.69820796314113e-09,1,1,1,15,12.8328764,,0
2330,refine1,5.78275965387739,6.09091827096605,81.4194768218435,497.823370632413,0.465024169986856,1.81972664714536e-09,1,1,1,15,12.8605405,,0
2330,refine1,5.79085367428293,6.08516802898349,81.2528533296285,498.1429536267,0.465024172452894,4.28576474309494e-09,1,1,1,14,12.1799823,,0
2330,refine1,5.79894769468847,6.07941545318416,81.0868810832461,498.462442082902,0.465024174648616,6.48148668069837e-09,1,1,1,14,12.1712391,,0
2330,refine1,5.80704171509401,6.07366031622096,80.9215549814922,498.781828774446,0.465024174854219,6.68708977080712e-09,1,1,1,14,11.5076921,,0
2330,refine1,5.81513573549955,6.06790243968827,80.8203145048297,499.101103717483,0.465024174941421,6.77429157214249e-09,1,1,1,14,11.234722,,0
2330,refine1,5.82322975590509,6.06214174212406,80.8381565883049,499.420251949123,0.46502418352241,1.53552806025914e-08,1,1,1,13,10.349968,,0
2330,refine1,5.83132377631063,6.05637774485131,80.8566802695979,499.739276308689,0.465024183504285,1.5337155323536e-08,1,1,1,13,10.0662898,,0
2330,refine1,5.83941779671617,6.05061035135515,80.8758851796505,500.058161449238,0.465024183317311,1.51501816647581e-08,1,0,1,13,10.5570943,,0
2330,refine1,5.8475118171217,6.0448393308489,80.8957694924318,500.376897658132,0.465024182984953,1.48178232461937e-08,1,0,1,13,9.6528436,,0
2330,refine1,5.85560583752724,6.03906444590292,80.9163313781883,500.695474944703,0.465024182529079,1.4361949296493e-08,1,0,1,13,9.3435416,,0
2330,refine1,5.86369985793278,6.03328545221289,80.9375690033893,501.013883030441,0.465024181970003,1.38028731222484e-08,1,0,1,13,8.4869016,,0
2330,refine1,5.87179387833832,6.02750209835784,80.9594805306665,501.332111338661,0.465024181326538,1.31594082297681e-08,1,0,1,13,6.8745279,,0
2330,refine2,5.80704171509401,6.07366031622096,80.9215549814922,498.781828774446,0.465024174854219,6.68708977080712e-09,1,1,1,14,10.1430151,,0
2330,refine2,5.80785111713456,6.07308465530546,80.9050577742167,498.813761442779,0.46502417486797,6.70084077114552e-09,1,1,1,14,10.181935,,0
2330,refine2,5.80866051917512,6.07250896678938,80.888566985639,498.845692985017,0.465024174880555,6.71342587077461e-09,1,1,1,14,10.3876095,,0
2330,refine2,5.80946992121567,6.0719332504625,80.872082611186,498.877623392314,0.465024174891993,6.72486399899697e-09,1,1,1,14,10.1034183,,0
2330,refine2,5.81027932325623,6.07135750611399,80.8556046462759,498.909552655811,0.465024174902302,6.73517275284752e-09,1,1,1,14,10.1516257,,0
2330,refine2,5.81108872529678,6.07078173353242,80.8391330863178,498.941480766615,0.4650241749115,6.74437100611769e-09,1,1,1,14,10.3048435,,0
2330,refine2,5.81189812733733,6.07020593250582,80.8226679267145,498.973407715823,0.465024174919605,6.75247519010824e-09,1,1,1,14,11.4215065,,0
2330,refine2,5.81270752937789,6.06963010282158,80.815095795336,499.005333494484,0.46502417492663,6.75950090345268e-09,1,1,1,14,10.7749147,,0
2330,refine2,5.81351693141844,6.06905424426652,80.8168285132254,499.037258093643,0.465024174932597,6.76546790812083e-09,1,1,1,14,11.0405027,,0
2330,refine2,5.81432633345899,6.06847835662688,80.8185680836629,499.069181504315,0.465024174937522,6.77039219132425e-09,1,1,1,14,10.7061558,,0
2330,refine2,5.81513573549955,6.06790243968827,80.8203145048297,499.101103717483,0.465024174941421,6.77429157214249e-09,1,1,1,14,10.9294993,,0
2330,refine2,5.8159451375401,6.0673266214661,80.8220692319832,499.133018804189,0.465024183373646,1.52065169900517e-08,1,1,1,13,9.813669,,0
2330,refine2,5.81675453958066,6.06675064564551,80.8238293527231,499.164938578992,0.465024183398527,1.52313978651897e-08,1,1,1,13,10.1864727,,0
2330,refine2,5.81756394162121,6.06617463986145,80.8255963185298,499.196857129933,0.465024183421258,1.52541289599739e-08,1,1,1,13,10.1679698,,0
2330,refine2,5.81837334366177,6.06559860389733,80.8273701275854,499.228774447891,0.465024183441866,1.52747362536232e-08,1,1,1,13,10.3028526,,0
2330,refine2,5.81918274570232,6.06502253753593,80.8291507780721,499.260690523726,0.465024183460377,1.52932477792689e-08,1,1,1,13,10.0760981,,0
2330,refine2,5.81999214774287,6.06444644055937,80.8309382681705,499.292605348262,0.465024183476816,1.53096864075053e-08,1,1,1,13,10.2543298,,0
2330,refine2,5.82080154978343,6.06387031274928,80.8327325960629,499.324518912302,0.465024183491215,1.53240851674674e-08,1,1,1,13,10.2476588,,0
2330,refine2,5.82161095182398,6.06329415388656,80.8345337599288,499.356431206632,0.465024183503594,1.53364644872589e-08,1,1,1,13,8.236444,,0
2330,refine2,5.82242035386453,6.06271796375161,80.8363417579499,499.388342221994,0.465024183513985,1.53468556196579e-08,1,1,1,13,8.1056112,,0
2330,refine2,5.82322975590509,6.06214174212405,80.8381565883049,499.420251949123,0.46502418352241,1.53552803805468e-08,1,1,1,13,7.9988697,,0
2330,refine3,5.81189812733733,6.07020593250582,80.8226679267145,498.973407715823,0.465024174919605,6.75247519010824e-09,1,1,1,14,10.749208,,0
2330,refine3,5.81197906754139,6.0701483508305,80.8210217625965,498.97660034651,0.465024174920355,6.75322597842865e-09,1,1,1,14,10.8213724,,0
2330,refine3,5.81206000774544,6.07009076886839,80.8193756624313,498.979792965485,0.465024174921094,6.75396438776232e-09,1,1,1,14,10.5550657,,0
2330,refine3,5.8121409479495,6.07003318661929,80.8177296262144,498.982985572734,0.465024174921825,6.75469535860174e-09,1,1,1,14,10.7614417,,0
2330,refine3,5.81222188815355,6.06997560408297,80.8160836539411,498.986178168253,0.465024174922543,6.75541372840982e-09,1,1,1,14,10.9817554,,0
2330,refine3,5.81230282835761,6.06991802125922,80.8144377456069,498.989370752031,0.46502417492325,6.75612099598766e-09,1,1,1,14,10.7340134,,0
2330,refine3,5.81238376856167,6.0698604381473,80.814404627295,498.992563324081,0.465024174923914,6.75678457628948e-09,1,1,1,14,11.0503283,,0
2330,refine3,5.81246470876572,6.06980285474857,80.8145773164879,498.995755884324,0.465024174924635,6.75750572165512e-09,1,1,1,14,11.1759889,,0
2330,refine3,5.81254564896978,6.06974527106127,80.814750074224,498.998948432825,0.465024174925311,6.75818129236561e-09,1,1,1,14,10.7349284,,0
2330,refine3,5.81262658917383,6.06968768708569,80.8149229005075,499.002140969546,0.465024174925977,6.75884770373614e-09,1,1,1,14,10.6831445,,0
2330,refine3,5.81270752937789,6.06963010282158,80.815095795336,499.005333494484,0.46502417492663,6.75950090345268e-09,1,1,1,14,11.2522015,,0
2330,refine3,5.81278846958194,6.0695725182688,80.8152687587085,499.008526007626,0.465024174927275,6.76014599854113e-09,1,1,1,14,11.2076198,,0
2330,refine3,5.812869409786,6.06951493342706,80.8154417906229,499.011718508963,0.465024174927908,6.76077843708711e-09,1,1,1,14,11.0302121,,0
2330,refine3,5.81295034999005,6.06945734829623,80.8156148910772,499.014910998487,0.465024174928533,6.76140338162767e-09,1,1,1,14,10.7759526,,0
2330,refine3,5.81303129019411,6.06939976287601,80.8157880600696,499.018103476192,0.465024174929142,6.7620131161128e-09,1,1,1,14,10.9389216,,0
2330,refine3,5.81311223039816,6.06934217716626,80.8159612975988,499.021295942062,0.465024174929746,6.76261696641589e-09,1,1,1,14,10.8079924,,0
2330,refine3,5.81319317060222,6.06928459116671,80.816134603662,499.024488396094,0.465024174930337,6.76320743853154e-09,1,1,1,14,10.8010842,,0
2330,refine3,5.81327411080628,6.06922700487718,80.8163079782584,499.027680838277,0.465024174930918,6.76378836272917e-09,1,1,1,14,10.8522873,,0
2330,refine3,5.81335505101033,6.06916941829747,80.8164814213858,499.0308732686,0.46502417493149,6.76436073820952e-09,1,1,1,14,7.6811221,,0
2330,refine3,5.81343599121439,6.06911183142732,80.816654933042,499.034065687058,0.46502417493205,6.76492045714738e-09,1,1,1,14,7.7882268,,0
2330,refine3,5.81351693141844,6.06905424426652,80.8168285132254,499.037258093643,0.465024174932597,6.76546790812083e-09,1,1,1,14,7.5935109,,0
2330,refine4,5.81230282835761,6.06991802125922,80.8144377456069,498.989370752031,0.46502417492325,6.75612099598766e-09,1,1,1,14,10.5470215,,0
2330,refine4,5.81231092237802,6.06991226296104,80.8142731582901,498.989690009762,0.465024174923321,6.75619199475008e-09,1,1,1,14,10.4446526,,0
2330,refine4,5.81231901639842,6.06990650465995,80.814266525308,498.990009267376,0.465024174923391,6.75626171675603e-09,1,1,1,14,10.3593787,,1
2330,refine4,5.81232711041883,6.06990074635601,80.8142837856581,498.990328524871,0.465024174923462,6.75633238245155e-09,1,1,1,14,10.2592189,,0
2330,refine4,5.81233520443923,6.06989498804918,80.8143010466932,498.99064778225,0.465024174923531,6.75640177139059e-09,1,1,1,14,10.6108813,,0
2330,refine4,5.81234329845964,6.06988922973948,80.8143183084139,498.990967039513,0.4650241749236,6.75647082726272e-09,1,1,1,14,10.1772894,,0
2330,refine4,5.81235139248004,6.06988347142691,80.8143355708204,498.991286296656,0.46502417492367,6.75654099335787e-09,1,1,1,14,10.4304354,,0
2330,refine4,5.81235948650045,6.06987771311142,80.8143528339119,498.991605553686,0.465024174923737,6.75660749571705e-09,1,1,1,14,10.2105689,,0
2330,refine4,5.81236758052085,6.06987195479309,80.8143700976893,498.991924810592,0.465024174923808,6.75667904959099e-09,1,1,1,14,10.250992,,0
2330,refine4,5.81237567454126,6.0698661964718,80.8143873621513,498.992244067387,0.465024174923872,6.7567427763926e-09,1,1,1,14,10.4949092,,0
2330,refine4,5.81238376856167,6.0698604381473,80.814404627295,498.992563324081,0.465024174923914,6.75678457628948e-09,1,1,1,14,10.4065601,,0
2330,refine4,5.81239186258207,6.06985467982074,80.8144218931338,498.992882580618,0.46502417492401,6.7568804995588e-09,1,1,1,14,10.2786583,,0
2330,refine4,5.81239995660248,6.06984892149099,80.8144391596541,498.993201837052,0.465024174924085,6.75695605023563e-09,1,1,1,14,10.4600677,,0
2330,refine4,5.81240805062288,6.06984316315829,80.8144564268595,498.993521093372,0.465024174924155,6.75702588326388e-09,1,1,1,14,10.4287119,,0
2330,refine4,5.81241614464329,6.06983740482268,80.8144736947498,498.993840349575,0.465024174924224,6.7570946060691e-09,1,1,1,14,10.601918,,0
2330,refine4,5.81242423866369,6.06983164648419,80.8144909633256,498.99415960566,0.465024174924293,6.75716405051929e-09,1,1,1,14,10.3236102,,0
2330,refine4,5.8124323326841,6.06982588814285,80.8145082325872,498.99447886163,0.465024174924361,6.7572321071907e-09,1,1,1,14,10.7086677,,0
2330,refine4,5.8124404267045,6.06982012979859,80.8145255025342,498.994798117479,0.46502417492443,6.75730099652938e-09,1,1,1,14,10.6020161,,0
2330,refine4,5.81244852072491,6.06981437145147,80.8145427731665,498.995117373211,0.465024174924499,6.75736999689036e-09,1,1,1,14,7.6321634,,0
2330,refine4,5.81245661474532,6.06980861310146,80.8145600444845,498.995436628827,0.465024174924567,6.75743749845026e-09,1,1,1,14,7.5367834,,0
2330,refine4,5.81246470876572,6.06980285474857,80.8145773164879,498.995755884324,0.465024174924635,6.75750572165512e-09,1,1,1,14,7.6400276,,0
