External_ID,TruthValid,P_feasible,ANN_ValidPred,Qf_train_m3h,T_RO_in_C,Cf_kg_m3,R_target,W_true_kW,W_pred_kW,P1_true_MPa,P1_pred_MPa,P2_true_MPa,P2_pred_MPa,Cp_true_mgL,Cp_pred_mgL,SEC_true_kWh_m3,SEC_pred_kWh_m3,P_CpBoundary
1,0,0.154838209967627,0,61.7850809697701,27.8805858638692,38.8160938567939,0.472761877257086,NaN,NaN,NaN,NaN,NaN,NaN,NaN,NaN,NaN,NaN,1.5047084700568e-05
2,0,0.0033071671670716,0,58.7974371005889,34.4390408455076,39.8989348377431,0.441569635733629,NaN,NaN,NaN,NaN,NaN,NaN,NaN,NaN,NaN,NaN,0.999998076711976
3,0,0.000147968472654994,0,60.0058862843138,40.1871394475422,40.0453448186944,0.420718696178931,NaN,NaN,NaN,NaN,NaN,NaN,NaN,NaN,NaN,NaN,0.999998549447073
4,1,0.995260110240627,1,55.6120458393531,30.0222707728981,39.9314729913412,0.529867101824774,109.793977713695,109.800304594826,5.99417439006923,5.9944392106559,7.67567413110687,7.67512795944194,500.000000000001,500,3.72599863325414,3.7262133440328,0.999999604029137
5,0,7.97273640610781e-08,0,62.0819056277058,35.9349624555982,41.3512137285483,0.400782553811581,NaN,NaN,NaN,NaN,NaN,NaN,NaN,NaN,NaN,NaN,0.999998814553581
6,0,0.0499918261952277,0,57.2892019197129,29.401660637079,40.3612972207679,0.474223538067099,NaN,NaN,NaN,NaN,NaN,NaN,NaN,NaN,NaN,NaN,0.999999588877484
7,1,0.999869269136548,1,56.7272538176182,32.5540364541043,38.6038221320647,0.494491955718835,89.2031454948913,89.1211428415559,5.99558232815886,5.99768689708405,6.61071997865909,6.60923498041899,500,500,3.18001506972696,3.17709174598184,0.99984775111173
8,1,0.991582962773592,1,61.4705776610412,41.9941152025036,39.2901360963545,0.467124628342618,87.1400280941485,87.1092633903996,5.69305955208637,5.69715985861341,6.13193330698078,6.13155581565561,479.697613020839,479.633654395684,3.03471307574997,3.03364167319462,2.06143749597645e-05
9,1,0.999337148166614,1,58.4034559376538,42.2883021106527,41.0957126213186,0.451847730521265,100.50823914923,100.495519436758,4.90520031404822,4.90742617100613,6.63071280429902,6.63083803933957,500.000000000001,500,3.80864954398862,3.80816754442801,0.999999255634599
10,0,3.25361627041738e-05,0,59.3593363942659,32.4257632108261,41.0581420419053,0.434361114534214,NaN,NaN,NaN,NaN,NaN,NaN,NaN,NaN,NaN,NaN,0.99999955446432
11,1,0.998908880733963,1,56.1448230058928,25.244499827518,38.5452212711605,0.535721247079148,102.613044922046,102.686382109313,6.76476619872153,6.77502913465452,7.44977961560629,7.45467306195372,499.999999999999,500,3.41156764357747,3.41400587913849,0.999792872588247
12,0,0.000319693830254762,0,62.6889664433734,30.2388143307491,41.3991774753353,0.453193076385319,NaN,NaN,NaN,NaN,NaN,NaN,NaN,NaN,NaN,NaN,0.997534839666999
13,0,3.70637842621407e-08,0,57.8924873259976,36.7667390019492,40.3162406340521,0.406709929080076,NaN,NaN,NaN,NaN,NaN,NaN,NaN,NaN,NaN,NaN,0.999999423116071
14,1,0.999395673039926,1,60.5224703268973,40.8857489682532,39.1969481103581,0.498648543486848,96.2830967828243,96.2527544143025,5.77057017016144,5.76822891226518,6.55805535004455,6.55925868119186,469.174085724397,469.177014003079,3.19035381152514,3.18934841291342,1.42581018954021e-05
15,0,2.40375138300356e-08,0,56.5485510623711,33.2304585618162,40.1755552224634,0.400599409665935,NaN,NaN,NaN,NaN,NaN,NaN,NaN,NaN,NaN,NaN,0.999999545977797
16,1,0.830457998088123,1,61.8462050732648,35.3022365834376,40.2925533989267,0.482210463731365,94.1839653204085,94.3174497741385,6.26939526077804,6.24986056709444,6.59346914932183,6.59926947201015,487.025645595675,487.045390746557,3.15811023255675,3.16258613902104,3.80667492163961e-05
17,0,7.13005708199051e-05,0,59.0906223949709,20.1292590319018,39.9508373722034,0.481637180761601,NaN,NaN,NaN,NaN,NaN,NaN,NaN,NaN,NaN,NaN,0.999416977810312
18,1,0.999464143316606,1,59.6484877240915,35.0714137932696,39.953366131883,0.464631491212689,89.7901421000298,89.7582816853917,5.83622604317175,5.84054088329114,6.46999214889304,6.46959543134118,500,500,3.23981774596635,3.23866815499429,0.999711804236506
19,0,3.48052073449661e-05,0,55.2508046745171,43.843771383434,39.8890933822444,0.408507227221725,NaN,NaN,NaN,NaN,NaN,NaN,NaN,NaN,NaN,NaN,0.999999427290311
20,0,1.27653693995699e-05,0,62.5025253944967,30.8578008453744,39.8272612836916,0.415950408345026,NaN,NaN,NaN,NaN,NaN,NaN,NaN,NaN,NaN,NaN,0.0386707162527159
21,0,0.000316913964313788,0,57.4669382448131,20.5742553192294,38.984690880745,0.471577646095852,NaN,NaN,NaN,NaN,NaN,NaN,NaN,NaN,NaN,NaN,0.999948715933309
22,0,8.66493333523089e-06,0,60.888052707779,22.9458514109127,39.2420279577074,0.440630616175179,NaN,NaN,NaN,NaN,NaN,NaN,NaN,NaN,NaN,NaN,0.00378489196937128
23,1,0.431477410131733,0,57.1555010133976,27.4761297858177,40.1268818483652,0.480970700461806,109.044308472396,109.031630292701,5.65378356519095,5.64276932309284,7.46114419805605,7.45970888897411,499.999999999996,500,3.96667250223004,3.96621131184357,0.999999478585002
24,0,0.000147962302693295,0,61.2604078137558,31.2981987640419,39.434707169422,0.434590072925702,NaN,NaN,NaN,NaN,NaN,NaN,NaN,NaN,NaN,NaN,0.00947335456719097
25,1,0.999873301950615,1,58.2917491387801,37.2702360503824,38.9026437413576,0.496449885629851,88.3448634989969,88.2970801398028,6.02227637360093,6.02508586864962,6.43059931703381,6.4280179466051,493.693764142382,493.652859146371,3.05280315491483,3.05115197584315,0.000201860281375033
26,1,0.999927090742898,1,59.4976066016715,43.2134469116241,41.018307312919,0.471052242316119,94.3445393270971,94.3587596095373,5.45572868157517,5.45434031487806,6.52996123802273,6.52899761032685,500,500,3.3662641884947,3.36677157586307,0.999988274478148
27,0,5.01362267198737e-05,0,55.9477902104155,24.6129285738877,38.9965771993407,0.442731359619953,NaN,NaN,NaN,NaN,NaN,NaN,NaN,NaN,NaN,NaN,0.999992045431299
28,1,0.554508761666951,0,62.7761743192802,37.6004725028564,39.0341484835339,0.435608662295484,83.6132726090623,83.8174452536117,5.88916788309072,5.92989727186676,5.76960519957088,5.75496441562073,490.47612936548,490.48621735936,3.05762252484489,3.06508883799651,1.54547387936829e-05
29,1,0.999893822711548,1,58.0895413682893,37.3071498387733,40.603165614331,0.486476575736761,98.4738997083168,98.4811772023416,5.6255026106811,5.62435377186809,6.86148058134982,6.861632537855,499.999999999999,500,3.48466678560951,3.48492431213975,0.999999068201815
30,1,0.999665013595425,1,60.1085468599429,40.3660014904049,41.4154318674587,0.476065620537558,97.5598996571969,97.5775648652173,5.68148419857094,5.68200926663992,6.71552609600465,6.71134216723957,500,500,3.4093241621173,3.40994148973597,0.999992521738632
31,0,6.27941629945999e-05,0,61.6217798978268,39.4737602645559,41.0066502268233,0.436789023697703,NaN,NaN,NaN,NaN,NaN,NaN,NaN,NaN,NaN,NaN,0.999990696942977
32,0,9.06304716880261e-05,0,58.6568508083287,20.3906796009404,40.662086892878,0.514666651518346,NaN,NaN,NaN,NaN,NaN,NaN,NaN,NaN,NaN,NaN,0.999993862593148
33,1,0.899954062585374,1,59.9505017062147,25.3349248030947,40.1195483751025,0.497466023370353,100.145472349874,100.503201737264,6.87378596007706,6.87296189193852,7.18241573902787,7.20188490999808,499.999999999999,499.878429490198,3.35795655787613,3.36995150596659,0.0175748981332364
34,0,6.02791334680994e-05,0,55.6634411092883,35.4993899815058,39.8569033133747,0.431794261914989,NaN,NaN,NaN,NaN,NaN,NaN,NaN,NaN,NaN,NaN,0.999999591207297
35,0,0.0664182092907796,0,62.2014352769939,39.1264915665424,40.0873701739817,0.432266546014307,NaN,NaN,NaN,NaN,NaN,NaN,NaN,NaN,NaN,NaN,0.909867098232055
36,0,0.000129466670218897,0,57.4125989261006,20.0685167988228,41.2530706867013,0.505304448505802,NaN,NaN,NaN,NaN,NaN,NaN,NaN,NaN,NaN,NaN,0.99999598318347
37,1,0.945895239244841,1,60.7605303054347,32.8512090982882,40.0141123785189,0.464588064116013,88.7531958184939,88.6705031444857,6.16239523961775,6.15529191527697,6.45409723120732,6.45823817962411,499.144137305503,499.163196396594,3.14408475428417,3.14115646103468,0.0543461773758587
38,0,2.78301542790571e-06,0,56.8671698410851,22.2791261599209,40.8409904660962,0.414899134906763,NaN,NaN,NaN,NaN,NaN,NaN,NaN,NaN,NaN,NaN,0.999999199622603
39,0,9.43443404813915e-07,0,61.3309337174255,31.6101983412504,40.1459110424728,0.409292103883373,NaN,NaN,NaN,NaN,NaN,NaN,NaN,NaN,NaN,NaN,0.999785786090193
40,1,0.999925275289731,1,58.6098470424348,36.6321822328387,38.6391530641033,0.455112229474976,80.9390701645403,80.9120278176555,5.63943484362019,5.63371249278343,6.05808480765969,6.05523080192053,500,500,3.03437406071268,3.03336025371241,0.995881350877798
41,0,8.64957071298692e-06,0,59.1680819198174,24.8180853904788,38.6415681540009,0.43875351034421,NaN,NaN,NaN,NaN,NaN,NaN,NaN,NaN,NaN,NaN,0.912744837365648
42,1,0.99998148553447,1,56.012728006971,42.1920452288288,40.4724187604708,0.45779026421025,102.261197119079,102.27399284889,4.6051489951432,4.60536886969179,6.69709308680423,6.69672022821746,500,500,3.98802245854832,3.98852147146131,0.999999469819335
43,0,2.77704662964964e-05,0,62.6187465937924,23.7793534573634,38.8894000413735,0.444561974360968,NaN,NaN,NaN,NaN,NaN,NaN,NaN,NaN,NaN,NaN,7.87275408828497e-05
44,0,0.0145082254739832,0,57.720164966334,42.4465232636947,39.3981116739599,0.411366487114038,NaN,NaN,NaN,NaN,NaN,NaN,NaN,NaN,NaN,NaN,0.999999132797884
45,0,5.21280256633367e-05,0,60.4435945269775,26.4474287568438,41.3640729259511,0.43641117705758,NaN,NaN,NaN,NaN,NaN,NaN,NaN,NaN,NaN,NaN,0.999999231493623
46,0,0.0654529516038256,0,56.680876553084,21.6242662309536,39.2721899311124,0.4931545341936,NaN,NaN,NaN,NaN,NaN,NaN,NaN,NaN,NaN,NaN,0.999984159844311
47,0,3.34921913552894e-05,0,62.0235125186502,29.8295535450704,40.2004971490177,0.417812867489451,NaN,NaN,NaN,NaN,NaN,NaN,NaN,NaN,NaN,NaN,0.959983871585597
48,1,0.999532089606021,1,58.9715269943347,29.5354664746103,38.6870910704122,0.506822840399553,94.7646124301721,94.8326797017949,6.54218032232852,6.54808621465489,6.8133570567622,6.81254758426172,486.779051539194,486.766221260966,3.17064515145592,3.17292254617651,2.324068189603e-05
49,1,0.999906217976887,1,59.7751422741955,44.4761257150047,38.5965114572716,0.486981933906639,89.5508539474655,89.5499011979795,5.49296883457693,5.48816768732738,6.22636205513489,6.22503309499291,471.561819967182,471.602319912214,3.07635367601122,3.07632094606775,2.26571514755322e-05
50,0,0.037382252295646,0,55.4424509813571,21.1960812326927,39.99286842963,0.526126694560246,NaN,NaN,NaN,NaN,NaN,NaN,NaN,NaN,NaN,NaN,0.999996760817583
51,1,0.614096741624563,0,62.3279082065592,34.7679840583421,39.9142822266121,0.485965868366283,96.1954159405877,96.1818661576417,6.27775186955857,6.27426103241461,6.6331627425607,6.62673296321,476.88957097139,476.760519277961,3.17589442761968,3.17544708114552,1.18032898135102e-05
52,0,1.82733139347201e-07,0,57.569258221017,34.280058189258,41.1984044145273,0.417070680986027,NaN,NaN,NaN,NaN,NaN,NaN,NaN,NaN,NaN,NaN,0.999999625184714
53,0,9.49929933651604e-07,0,60.9625975406585,20.8178103137496,38.6586004029519,0.423955022220918,NaN,NaN,NaN,NaN,NaN,NaN,NaN,NaN,NaN,NaN,0.0274745928057932
54,1,0.998383731266189,1,56.9602784476517,28.8850760459189,40.6567396144234,0.505902821696979,112.510485486049,112.505431225726,5.86732060422929,5.86436239189742,7.68401310760837,7.68213615806477,499.999999999999,500,3.90439540786391,3.90422001238224,0.999999634515504
55,1,0.999146659305245,1,61.1354287500361,44.7207811957455,38.5095039888823,0.45156075538315,80.0902991751069,80.1182102823413,5.45614051340489,5.45989166686977,5.77852389312187,5.78662765263153,481.298842262118,481.427903255905,2.90115386643682,2.90216490544535,2.5803745165868e-05
56,0,4.69114777347418e-07,0,58.1743337005043,26.0842104272508,39.7813034880388,0.409644066711564,NaN,NaN,NaN,NaN,NaN,NaN,NaN,NaN,NaN,NaN,0.999989841840151
57,1,0.999583188164129,1,59.4505860546576,44.5853913492981,41.1746315240991,0.50834211074154,101.780283574415,101.621179663527,5.71317444763958,5.70337168116081,6.88934954918581,6.89489402053521,490.492613339442,490.61318879012,3.36783982719437,3.36257518782534,0.000156796839051632
58,1,0.999300333105332,1,55.8134444171456,24.0681599930344,39.255517631075,0.513112711319062,110.10865925856,110.095857428767,6.15558616424955,6.15613444862548,7.78266324035093,7.7829012254217,499.999999999998,500,3.84476567261868,3.84431865931315,0.99999732580213
59,1,0.548115960136357,0,62.910520065806,37.449368755976,39.340261517533,0.475512564706143,92.8676899951702,92.7720503477453,6.00877723425658,6.0064773834386,6.37392849848384,6.38039181657729,467.949186938242,467.760480609055,3.10441212185867,3.10121504781913,7.25969973495553e-06
60,1,0.999967381111785,1,58.0239719286593,41.1303886981866,38.8712245594432,0.433962127653547,84.5325529962982,84.5366740569178,4.93999241705972,4.93957010772787,6.01845589148378,6.01791472305777,500,500,3.35710327172413,3.35726693442683,0.999990729630465
61,0,0.0194275948951787,0,60.2781887621036,38.1480114100136,39.4857154036047,0.426755464641764,NaN,NaN,NaN,NaN,NaN,NaN,NaN,NaN,NaN,NaN,0.999944451452852
62,1,0.995507428761042,1,56.384652733257,24.4051521037803,38.7216816483935,0.539314287948053,105.390810078579,105.415540837572,6.88400523373869,6.88602952846603,7.59666021469634,7.60061796965163,500.000000000002,500,3.46577134434496,3.46658461407673,0.99970650129265
63,1,0.766911514728834,0,61.6703206599103,37.0108426305197,39.9203149152904,0.454047985073058,85.9565157456648,86.1032356362137,5.91280504547771,5.91961225271069,6.20111418920685,6.19203822633934,494.031798479229,494.173304645166,3.0697347015998,3.07497445725442,0.00058759280506869
64,0,7.80332002435069e-08,0,58.8491967345904,30.6786859335039,38.7421739534198,0.400677297892165,NaN,NaN,NaN,NaN,NaN,NaN,NaN,NaN,NaN,NaN,0.999745879063792
65,0,3.34866935114377e-05,0,60.0583582527263,24.7080090984499,41.1259610958981,0.444376947912629,NaN,NaN,NaN,NaN,NaN,NaN,NaN,NaN,NaN,NaN,0.999998708373622
66,1,0.999877993487733,1,55.4988367107967,34.8568459397286,38.8038373274895,0.508252717942633,93.3176917951943,93.3316614359154,5.76165344113215,5.75998562971354,6.80966555675093,6.81057740373221,499.999999999999,500,3.3082658212442,3.30876106800871,0.99999711444324
67,0,7.08266406042125e-05,0,62.136480808019,22.831305655876,41.3602706670276,0.4361722903857,NaN,NaN,NaN,NaN,NaN,NaN,NaN,NaN,NaN,NaN,0.999975427147855
68,1,0.998578536327758,1,57.2340355189529,41.8351228225913,40.2993114055804,0.525927725226324,100.168839642276,99.9392238529014,5.83171223218305,5.84546738795256,6.99278737620959,6.9896814709174,496.920134288087,496.941089714604,3.32776161701785,3.32013343030084,0.00244449626313284
69,0,6.63709032483174e-06,0,60.655501316724,39.1758300354644,40.181980453242,0.406930168849291,NaN,NaN,NaN,NaN,NaN,NaN,NaN,NaN,NaN,NaN,0.999998543677914
70,0,4.6061047164066e-07,0,56.8107146049164,39.5749246845954,40.6169062985186,0.420551672504527,NaN,NaN,NaN,NaN,NaN,NaN,NaN,NaN,NaN,NaN,0.999999546479471
71,0,1.50495349093755e-07,0,61.4933104953927,36.5800482877223,41.4892096873933,0.412705509979336,NaN,NaN,NaN,NaN,NaN,NaN,NaN,NaN,NaN,NaN,0.99999916193577
72,1,0.999500180947376,1,58.5019905067816,36.8718942237206,39.6481035597085,0.518164676606936,98.7709963474677,98.8043134578573,6.12058374771714,6.1085225884262,6.91028026211218,6.9123442902166,488.532860671862,488.444397899965,3.25829939646552,3.25939847539242,0.000137779307565027
73,1,0.999929887935864,1,56.1992794092211,33.5157361989933,38.5530078931872,0.480260688554437,89.0884674958432,89.1238244072766,5.60159609272092,5.60231566579235,6.55506799487827,6.55403025636185,500.000000000001,500,3.30075813268948,3.30206811832781,0.999990696618306
74,1,0.979265071283495,1,62.740348252696,41.0002820678531,41.3152168327157,0.483806822466581,100.737253668841,100.831756726191,5.92697625380209,5.927719866876,6.72348996400018,6.73140247936368,480.952097263609,480.910809924725,3.31872443896917,3.32183778177714,4.60855119217366e-05
75,0,5.08073434766109e-05,0,57.8416968523805,21.991113027588,40.347272393666,0.452032751545166,NaN,NaN,NaN,NaN,NaN,NaN,NaN,NaN,NaN,NaN,0.999995742797514
76,0,9.31507732827186e-05,0,60.5143746189729,24.2343620648511,39.5394661602539,0.470068813727605,NaN,NaN,NaN,NaN,NaN,NaN,NaN,NaN,NaN,NaN,0.000297203870151686
77,0,3.70185552085565e-05,0,56.4960989863066,31.9111164007683,41.279604625344,0.44896044371271,NaN,NaN,NaN,NaN,NaN,NaN,NaN,NaN,NaN,NaN,0.99999963517479
78,0,0.000728737711204308,0,61.8551091588048,29.5899488434555,41.4441759865875,0.468788331521593,NaN,NaN,NaN,NaN,NaN,NaN,NaN,NaN,NaN,NaN,0.999943758050616
79,1,0.999668476853541,1,59.0154766016635,31.7008915564083,39.2169676568063,0.486241145870719,89.4597494356657,89.438420974993,6.29131191084353,6.29823109766346,6.56347030172479,6.55435254923944,497.533442787352,497.564566947118,3.11752577250328,3.1167825105743,0.00389399730500882
80,1,0.999985497907987,1,59.729302594384,43.12897699618,39.190177367162,0.467717718761924,83.3682527106114,83.3104497549305,5.62350801932084,5.62780338500138,6.05043569949223,6.05085479360761,493.013094526225,492.983534690247,2.98421035250863,2.98214126537823,0.000323329578813824
81,0,4.58815305290842e-08,0,55.3325799396358,32.7605248148655,39.0673219261181,0.40325663265954,NaN,NaN,NaN,NaN,NaN,NaN,NaN,NaN,NaN,NaN,0.999998501132026
82,0,1.69191409873356e-06,0,62.4302025199245,22.5073616716531,39.151950600524,0.412679442757774,NaN,NaN,NaN,NaN,NaN,NaN,NaN,NaN,NaN,NaN,0.00203562632723718
83,0,0.00111575040511085,0,57.492581087977,32.9210837708559,40.9914702668679,0.45888776688044,NaN,NaN,NaN,NaN,NaN,NaN,NaN,NaN,NaN,NaN,0.999999624833875
84,0,0.0356214680629449,0,60.8529567992779,35.5780432448229,40.7803549825924,0.456979004034721,NaN,NaN,NaN,NaN,NaN,NaN,NaN,NaN,NaN,NaN,0.999964060719222
85,1,0.999986170304602,1,57.1224228340013,40.0319311895785,39.8954930900629,0.452615959518972,95.2564829155975,95.2654577001678,4.90486042326824,4.90448234863019,6.50282311876177,6.50268728397516,499.99999999999,500,3.68432607146211,3.68467319778647,0.999999263502989
86,0,1.65240379797778e-06,0,61.1898705095267,20.5075394501987,38.6070534515306,0.430754909818672,NaN,NaN,NaN,NaN,NaN,NaN,NaN,NaN,NaN,NaN,0.00185765426815897
87,1,0.999591327781262,1,59.5774789061722,35.157842117101,40.1877346321669,0.47338927761162,91.9248599417974,91.9130486918121,5.92370235270666,5.92581321966966,6.58323812963667,6.58380240545027,499.999999999997,500,3.25936080319994,3.25894201414482,0.99974552611124
88,0,1.49630148129594e-05,0,55.8782949078471,40.482682342642,39.3623138753878,0.409599810097382,NaN,NaN,NaN,NaN,NaN,NaN,NaN,NaN,NaN,NaN,0.999999327583255
89,0,1.19643372793709e-05,0,62.8589146299124,27.2967674502525,39.4184017097109,0.415952723190706,NaN,NaN,NaN,NaN,NaN,NaN,NaN,NaN,NaN,NaN,0.000233013976193272
90,1,0.991935449609709,1,58.0964508426142,27.7862668584931,40.9456579976169,0.5131380244895,113.138766360168,113.136420558653,6.2742255280592,6.27207233718767,7.75610811904098,7.75714965496849,500.000000000049,500,3.79513858385694,3.79505989604591,0.999999531099087
91,0,0.0152496730541439,0,60.2054534732193,24.4978568755289,40.3165423191,0.498215158102267,NaN,NaN,NaN,NaN,NaN,NaN,NaN,NaN,NaN,NaN,0.0278628785218393
92,1,0.968649482489669,1,56.3298209669919,29.711029189636,40.8051764235985,0.526132840800226,116.160110382511,116.158900400362,5.94187722731929,5.94024749856835,7.9069507282747,7.90539381118741,500.000000000064,500,3.919432903277,3.91939207649205,0.999999624884729
93,0,1.45152179867221e-07,0,61.5673234948365,31.7904157213351,40.9693936407016,0.400333333543411,NaN,NaN,NaN,NaN,NaN,NaN,NaN,NaN,NaN,NaN,0.999996807842725
94,1,0.999822710446598,1,58.7121350584805,38.3420924694043,40.739821278828,0.46777741441517,97.4629425832987,97.4721589518125,5.40528156573138,5.40547165732464,6.71100167687748,6.71175782926679,499.999999999991,500,3.54872541333004,3.5490609907331,0.999999114669446
95,1,0.984945690765884,1,59.8521999204552,32.3409118252972,39.1362492335838,0.448047291989848,84.3052768140065,84.1588777948201,5.84661741062007,5.8451607554405,6.24747901876494,6.23592286238122,499.999999999962,500,3.14377013559439,3.13831087038852,0.706914333340814
96,1,0.999956124796286,1,55.701491633819,40.9264313724452,40.9339523654815,0.49222878415828,105.568662981893,105.576970321392,5.00519136962937,5.00520946066746,7.06674214481355,7.06669702336988,499.999999999999,500,3.85035869284302,3.85066168272612,0.999999495327087
97,1,0.669161473611855,0,62.2392493276849,33.5883955463338,39.1919612984434,0.470392482340468,91.744830083427,91.7546345214173,6.23728607952129,6.20319793199005,6.33665145231865,6.36706593653388,478.527819363631,478.459970550112,3.13369613776458,3.13403102455273,8.38520972973328e-06
98,0,0.000114022420616321,0,57.3141197485159,27.0603460882528,39.5146443238404,0.445376973143734,NaN,NaN,NaN,NaN,NaN,NaN,NaN,NaN,NaN,NaN,0.999996538729046
99,0,0.000712511789468392,0,60.7242851712175,25.8876889299692,40.075184122458,0.47893827161131,NaN,NaN,NaN,NaN,NaN,NaN,NaN,NaN,NaN,NaN,0.00084629400533791
100,1,0.99951332341211,1,56.9375908550969,36.4566083539473,40.7572129315698,0.463638173818228,106.758303883655,106.76105197458,4.94972607949635,4.94927658907818,7.02151609101811,7.02079107857495,500.000000000013,500,4.04411401857492,4.04421811907688,0.999999597068028
101,1,0.856285042563122,1,61.3662328117954,39.6479401581035,40.130983265611,0.44668579593556,84.2993416284161,84.2211752135368,5.71747963522177,5.71737556950678,6.1024973259953,6.09659815183989,499.999999999999,500,3.07533603310386,3.07248443322642,0.983090997732604
102,0,4.18743213700227e-06,0,58.5561962602839,28.2835556435231,39.7197435091546,0.42118424489087,NaN,NaN,NaN,NaN,NaN,NaN,NaN,NaN,NaN,NaN,0.999983739803234
103,0,7.09020503186619e-06,0,59.204700807561,40.2960234491333,39.8109876271803,0.406120218642422,NaN,NaN,NaN,NaN,NaN,NaN,NaN,NaN,NaN,NaN,0.999999011826162
104,0,2.79371159114365e-06,0,56.0669562276243,22.9043226200345,40.8859689529869,0.433625143149737,NaN,NaN,NaN,NaN,NaN,NaN,NaN,NaN,NaN,NaN,0.999999329827292
105,0,1.73759749507466e-06,0,62.5756728757422,25.7618607667691,39.1314806504306,0.407449299241386,NaN,NaN,NaN,NaN,NaN,NaN,NaN,NaN,NaN,NaN,0.00217674701902763
106,0,0.00402395021701678,0,60.3697152746715,29.3469773861695,41.1337357168586,0.482918333831681,NaN,NaN,NaN,NaN,NaN,NaN,NaN,NaN,NaN,NaN,0.999997391291216
107,0,7.94886845181748e-06,0,56.63691597538,21.2767508167411,39.4988764590312,0.434247051721129,NaN,NaN,NaN,NaN,NaN,NaN,NaN,NaN,NaN,NaN,0.9999890178305
108,0,0.00252105165984952,0,61.9320443619659,33.8892595645978,39.2370565739713,0.429591048331872,NaN,NaN,NaN,NaN,NaN,NaN,NaN,NaN,NaN,NaN,0.000230663147677887
109,1,0.932363018378039,1,58.94072443152,33.5966998398771,40.3754469169963,0.463623444042916,97.6427324253963,97.62814161151,5.59077458908593,5.5907423375931,6.79635619554882,6.79596403673844,499.999999999985,500,3.57321432138857,3.57268037376302,0.999998799596938
110,0,0.000213313277435673,0,59.8059471757887,21.5857578989846,40.4659350208832,0.472954209105875,NaN,NaN,NaN,NaN,NaN,NaN,NaN,NaN,NaN,NaN,0.999911992529474
111,0,1.24100419991765e-05,0,55.3948226463284,21.713733204411,39.7625236969063,0.443285041604166,NaN,NaN,NaN,NaN,NaN,NaN,NaN,NaN,NaN,NaN,0.999995171242251
112,0,0.000373551218382133,0,62.3755347554768,33.5293546359233,39.7710728180862,0.436637557179862,NaN,NaN,NaN,NaN,NaN,NaN,NaN,NaN,NaN,NaN,0.000150660006543875
113,1,0.998966865170049,1,57.6132187876974,34.017234287942,41.3430782800134,0.49009605528476,110.360876888005,110.353872145332,5.49593471290883,5.49599683124674,7.3802438980646,7.37986156931385,499.999999999995,500,3.90851511820724,3.90826703987186,0.99999959433883
114,0,2.23663711856006e-05,0,61.0444018494909,21.2338251235589,40.2959919949439,0.485957777414582,NaN,NaN,NaN,NaN,NaN,NaN,NaN,NaN,NaN,NaN,0.000514193027299864
115,0,2.06367841832497e-06,0,57.0563885711296,29.1819773059563,39.0244177421749,0.4223181461025,NaN,NaN,NaN,NaN,NaN,NaN,NaN,NaN,NaN,NaN,0.999980332971065
116,1,0.972260555962598,1,61.1151771786234,44.3994628926347,40.2346140094093,0.439088753062221,84.5423269489516,84.6084791640907,5.35689601377414,5.35677713862336,6.00945476108802,6.01184120649788,500.000000000002,500,3.15045157787043,3.15291672589847,0.99969975753032
117,0,0.278331537085584,0,58.256196444409,25.7315195938696,41.4251168359827,0.518441688675693,NaN,NaN,NaN,NaN,NaN,NaN,NaN,NaN,NaN,NaN,0.999999300313182
118,1,0.0378321266979432,0,59.368701559438,38.5961130470739,38.7389003208971,0.419305788566158,82.7482449709504,82.8191882096399,5.03594456807012,5.04495758846022,5.92991589950274,5.93798825873418,500,500,3.3240716997564,3.3269215536971,0.999872171136772
119,0,6.17837851221345e-07,0,55.7439912906307,30.5491028755551,40.5642574057205,0.415037386997358,NaN,NaN,NaN,NaN,NaN,NaN,NaN,NaN,NaN,NaN,0.999999631088593
120,0,0.00588493696278435,0,62.9932175558056,44.1225269350529,40.6553870506985,0.419127804634082,NaN,NaN,NaN,NaN,NaN,NaN,NaN,NaN,NaN,NaN,0.999591128865959
121,0,0.0243536188719233,0,57.9434898144876,30.437388232212,39.4941621249938,0.452690765896766,NaN,NaN,NaN,NaN,NaN,NaN,NaN,NaN,NaN,NaN,0.999990842492285
122,0,2.47420759151353e-06,0,60.2543545476295,21.1066842319166,38.8679053236043,0.445642863590068,NaN,NaN,NaN,NaN,NaN,NaN,NaN,NaN,NaN,NaN,0.0113327315907787
123,1,0.999784745479574,1,56.4045734329472,35.5865206624925,39.5496975217192,0.51389708521145,97.114691028888,97.1093335566976,5.89237380058876,5.89261448595967,6.95945701540594,6.95847873941342,500.000000000002,500,3.35038302200122,3.35019819328295,0.999994098394968
124,1,0.839934588082251,1,61.7547774186627,43.0092522797391,40.1104891756365,0.428824942967895,83.1839315688679,83.2900090567791,5.35896906542836,5.36008931079075,5.93575572029337,5.92118462211273,499.999999999997,500,3.14115121295009,3.1451568595159,0.999488673622014
125,0,0.000178898209059009,0,58.7671938375961,23.9994005060834,41.1830762827261,0.502323939997213,NaN,NaN,NaN,NaN,NaN,NaN,NaN,NaN,NaN,NaN,0.999999180700781
126,1,0.999607579835606,1,59.9756454987644,31.4839486933319,38.690890693673,0.476869633799576,88.8658727975459,88.7369706244276,6.16969491694317,6.16788375467526,6.45087820038141,6.45103710900377,485.241672206408,485.336681387594,3.10713706446903,3.10263008435405,3.13823126261477e-05
127,1,0.999867747684431,1,55.5818006713289,41.6369336919467,41.2386858829451,0.457775485306161,112.544770389524,112.551876334138,4.38082884724502,4.38172008364425,6.99352417282126,6.9934586084989,500,500,4.42323664924522,4.42351592721199,0.999999556408261
128,0,2.84192629069343e-05,0,62.0516030081331,22.3451451204082,39.6349431985887,0.447328960874311,NaN,NaN,NaN,NaN,NaN,NaN,NaN,NaN,NaN,NaN,0.000159592862980784
129,1,0.851173288281473,1,57.2589577260877,41.4274522916354,38.6552806292743,0.411843815949749,90.5355836012803,90.5453700733276,4.39011873264547,4.39572524333151,6.0420208847744,6.03597611527391,499.999999999998,500,3.83922281570015,3.83963781768364,0.999997253322985
130,1,0.999550795277934,1,60.6192297038865,38.8117869385103,38.8199673282993,0.496686942761291,94.6208754723656,94.581964824363,5.88229231689506,5.8822377472823,6.50786714303947,6.50727292299719,468.079159247366,468.048176125258,3.14263400469265,3.14134166909602,8.15719748317933e-06
131,1,0.99981264604207,1,56.7382629513292,26.6950427286525,38.5617150839835,0.479652124944343,94.204381949733,94.2604993042284,5.95329845936517,5.95264581841356,6.91344642782226,6.91499731968757,500,500,3.46153475251797,3.4635967815742,0.999887312670543
132,0,1.62858810694487e-05,0,61.4446910410581,23.6358841072795,39.4252723256519,0.454333592318212,NaN,NaN,NaN,NaN,NaN,NaN,NaN,NaN,NaN,NaN,0.000152713342474455
133,0,6.51791485117775e-06,0,58.4532227700899,23.1465322203525,40.9386039366746,0.434330545935292,NaN,NaN,NaN,NaN,NaN,NaN,NaN,NaN,NaN,NaN,0.99999879961391
134,0,0.000964850004254245,0,59.3171299218515,38.2855201303907,41.0292071408576,0.44610634345375,NaN,NaN,NaN,NaN,NaN,NaN,NaN,NaN,NaN,NaN,0.999999324522843
135,1,0.999933470708931,1,56.1104214332827,43.60501903461,38.6671737057579,0.51698165139483,90.8939628135807,90.8243456342314,5.58379892731496,5.58664595362383,6.54222462806596,6.54213999470246,491.907540923923,491.912970877893,3.13340388970749,3.13100396419116,0.00027769343263042
136,0,0.0369079718657047,0,62.6477134087143,36.8805832202441,41.441284501073,0.462688818270238,NaN,NaN,NaN,NaN,NaN,NaN,NaN,NaN,NaN,NaN,0.400450022679914
137,0,2.56692755528573e-06,0,57.8739325831392,30.9077458054623,40.27412202728,0.419916735919149,NaN,NaN,NaN,NaN,NaN,NaN,NaN,NaN,NaN,NaN,0.999999416163833
138,0,1.20433160012894e-07,0,60.5554224848898,36.3700026267812,41.2343064155663,0.41185440365604,NaN,NaN,NaN,NaN,NaN,NaN,NaN,NaN,NaN,NaN,0.999999329079354
139,1,0.99952160187612,1,56.5685173976391,43.92754016455,39.5877284552032,0.526212820911006,97.2130304027536,97.2413069894768,5.64158978607876,5.63859488339643,6.83018117068028,6.83020728998134,492.436457823969,492.436403788467,3.26579003699606,3.26673996515488,0.000131079758937334
140,0,0.00190509102890465,0,61.805432339287,43.321394908458,39.377265573742,0.404548684558644,NaN,NaN,NaN,NaN,NaN,NaN,NaN,NaN,NaN,NaN,0.999068687063797
141,0,0.000147110568105457,0,59.1160201380609,31.2474893626352,40.4909406668568,0.442117314699599,NaN,NaN,NaN,NaN,NaN,NaN,NaN,NaN,NaN,NaN,0.999999282470868
142,1,0.99944730995417,1,59.6136194488097,42.6724751742505,40.5412370768723,0.454161311467696,91.0186009493331,91.0307715668925,5.29735546062733,5.29370467188024,6.33677877289956,6.33659844596155,500.000000000001,500,3.36182056448508,3.36227009273498,0.999994308841594
143,1,0.626399077863698,0,55.2934694990084,33.1192237975086,40.4293795757275,0.535832106609953,112.168983258667,112.207777038312,5.78441782044884,5.78360540242929,7.72866745839556,7.72745414462992,500.000000000002,500,3.78590933449865,3.78721869585873,0.999999617637311
144,0,0.00020179533053375,0,62.4844511772669,22.8630567661004,40.4149489165732,0.467529189595019,NaN,NaN,NaN,NaN,NaN,NaN,NaN,NaN,NaN,NaN,7.58160310586034e-05
145,1,0.912027014528807,1,60.9369109430765,41.3048446226805,39.0951817623878,0.430274660252966,77.4494872788447,77.6086257082931,5.45801924494312,5.43240394569347,5.75217519678691,5.77097067530639,500.000000000002,500,2.95387655491517,2.95994599826786,0.524187531029025
146,1,0.999778478200259,1,57.1596213244677,33.3351230732581,40.0855070432932,0.496324340554023,100.297387335891,100.318270808103,5.77702042282387,5.77553979300303,7.06210922682975,7.06354038694523,500.000000000002,500,3.53536862122097,3.53610473982107,0.999999365348375
147,1,0.95085264167519,1,61.2872630846497,37.9392047777486,39.2775956268192,0.447813250829958,82.7416419805636,82.7810634233316,5.74612939877343,5.73435100495951,6.02835850227573,6.02552283314225,491.67855370717,491.722731699263,3.01478931518745,3.01622568197339,0.000146637203681469
148,1,0.999492703931807,1,58.3261798403687,31.4120057289566,39.05974406624,0.512548893011593,93.9974517975435,94.2139322762893,6.53893356558126,6.51784468785105,6.80375293719203,6.81232151613081,495.825845759251,495.539756300598,3.14425129076138,3.15149264690141,0.000290418527035107
149,0,5.3814985531302e-05,0,59.5388887112888,24.0739668197534,41.0721475276961,0.458737693546666,NaN,NaN,NaN,NaN,NaN,NaN,NaN,NaN,NaN,NaN,0.999998876004644
150,1,0.998231576621783,1,55.9175487391692,34.4606225262533,40.6772792810129,0.515342646722524,109.283384780373,109.299753869379,5.58220941002848,5.58169178744612,7.47908648367669,7.4789814649601,500.000000000001,500,3.79236324814989,3.79293128995858,0.99999962577415
151,0,9.39251709922989e-05,0,62.8064169001992,21.4731188332444,40.7265693695139,0.478337288850016,NaN,NaN,NaN,NaN,NaN,NaN,NaN,NaN,NaN,NaN,5.13230980582304e-05
152,0,4.60866529469442e-07,0,58.059237131492,20.9851512644655,38.88584222648,0.42615461397288,NaN,NaN,NaN,NaN,NaN,NaN,NaN,NaN,NaN,NaN,0.999826755987474
153,0,3.35523902576962e-06,0,60.1388530089953,30.5115477557887,39.7581212522412,0.420474080457023,NaN,NaN,NaN,NaN,NaN,NaN,NaN,NaN,NaN,NaN,0.99976105378218
154,0,3.70193323215421e-08,0,56.2337653696637,30.112500837194,39.443359089831,0.403618281015631,NaN,NaN,NaN,NaN,NaN,NaN,NaN,NaN,NaN,NaN,0.999998001824206
155,1,0.960146216219173,1,61.6520250663056,32.1362436391866,39.3255361257137,0.483387227951665,94.258991941817,94.2232222066426,6.31936336604717,6.3265300476247,6.61127470399279,6.60529631067821,477.357498555263,477.1192707871,3.1628628854149,3.16166196276163,9.12279133337128e-06
156,1,0.999965577398227,1,58.6871525694342,38.6702740605734,39.0146642302384,0.452484747030883,82.9922568701843,83.0065248746707,5.46573507327536,5.46409648636047,6.09733274185127,6.09653670010767,500,500,3.12529194246017,3.12582924173528,0.999838069685844
157,1,0.999263336738799,1,59.9299225340229,29.7587404656385,38.9051849577683,0.495895473754205,94.4638039838391,94.3834176872803,6.46770351560795,6.46728436993036,6.74927976781243,6.7544245373464,483.627706438186,483.656279288139,3.17856845962456,3.17586357863448,1.67479529428798e-05
158,0,3.35878412412992e-06,0,55.6277287897795,39.9197355372283,41.0713023873091,0.429252290531915,NaN,NaN,NaN,NaN,NaN,NaN,NaN,NaN,NaN,NaN,0.999999603636423
159,0,0.0787843915925162,0,62.1614675823347,34.7057287781274,39.0605010515563,0.430963472818228,NaN,NaN,NaN,NaN,NaN,NaN,NaN,NaN,NaN,NaN,6.29858511125789e-05
160,1,0.999512273035657,1,57.3915466651338,28.3981520049768,39.2769757446641,0.503432403496542,97.5368240846817,97.467512222061,6.3176939499569,6.31478775814835,7.07079035825925,7.06949658823355,500,500,3.3758218198218,3.37342288485131,0.999968078753878
161,1,0.999750135367613,1,60.8151616165647,40.9794772765636,38.9872776889459,0.46585770900462,84.200965446918,84.2398639973638,5.73832651543264,5.73651722431653,6.05400001917936,6.05286236252527,484.482241842613,484.593093670638,2.97202131178857,2.97339430460705,1.99240917906393e-05
162,0,8.22307683068066e-07,0,56.8461194364051,26.4553426399525,39.8053252569609,0.412747127936416,NaN,NaN,NaN,NaN,NaN,NaN,NaN,NaN,NaN,NaN,0.999998294233856
163,0,5.01307522070707e-07,0,61.3368492876384,23.4849830392815,38.9315591698184,0.410752888445412,NaN,NaN,NaN,NaN,NaN,NaN,NaN,NaN,NaN,NaN,0.445312379612567
164,1,0.995463840329686,1,58.6299590860821,27.1662402880294,39.9625436696633,0.489149831190005,100.701973548652,100.745594875561,6.29224119680759,6.29340199337151,7.17655665054537,7.17265258059039,500,500,3.511369098138,3.51289012671303,0.999950274855748
165,1,0.999975193555817,1,59.130939768325,40.5474028578271,39.9417043643314,0.471720371823026,88.0879175039679,88.1135981178603,5.6606336316852,5.65755112479937,6.33592256723144,6.3386076719842,500,500,3.15803493091756,3.15895560514869,0.999499239814318
166,0,0.00014658659842981,0,55.9897658181768,20.0055425771266,41.1163132866972,0.497909730092973,NaN,NaN,NaN,NaN,NaN,NaN,NaN,NaN,NaN,NaN,0.999994477108044
167,1,0.245578140314576,0,62.5826096151175,39.2881641390852,39.5096685079788,0.426037210320007,80.9907693960926,80.8398173903164,5.7180225907681,5.72359230724787,5.74832617902808,5.70595797686724,499.750792063621,499.629476490782,3.03762615595101,3.03196457544673,0.000359384421282965
168,1,0.993425262746924,1,57.6953115538506,20.6758395226316,39.1995354563979,0.51155360000401,107.786170052239,107.855034536761,6.91503792064109,6.91815352575667,7.75133589083728,7.74731002332214,500.000000000003,500,3.65200507428661,3.65433833695648,0.999696479420895
169,1,0.993210744019049,1,60.4210915313432,35.7425266619293,40.0404995498275,0.458684768574684,87.8656980099955,87.8044028056392,5.87354426236987,5.87848986679247,6.35528360050955,6.35281358609442,500,500,3.17041765563313,3.16820596890557,0.996812034070695
170,1,0.999996580685801,1,56.6460857135905,43.7855678497836,39.1441032169665,0.454023754456756,87.2886316845571,87.263850211124,4.88567035399525,4.88764086595803,6.17317393012861,6.17294343604232,500,500,3.39397942188753,3.39301586215182,0.999997127451479
171,0,3.4091476162419e-06,0,61.983544874517,24.8749104627436,39.1765334345015,0.419242029932257,NaN,NaN,NaN,NaN,NaN,NaN,NaN,NaN,NaN,NaN,0.00211969771839017
172,1,0.983973438904677,1,58.9807537451992,25.1668100659331,40.4610548130422,0.508498009273195,108.350887645532,108.438944553775,6.68425754201235,6.69508888139474,7.59296444811956,7.59717257624747,500.000000000002,500,3.61270831114593,3.61564436392017,0.99998921071406
173,1,0.999687383629714,1,59.7507807335266,37.1807964978601,40.3821710287148,0.488797036493404,92.5628677378261,92.5848604315697,6.1164862806921,6.10257273838088,6.60971033741732,6.61175692250409,500,500,3.16930950199281,3.17006252158867,0.453292344565452
174,1,0.789998824866812,0,55.4781651779611,28.7355259289405,41.0285379531858,0.525792055240574,123.690227538553,123.710864000937,5.65500877852047,5.65329861940968,8.21666271572508,8.21369279660552,500.000000000063,500,4.2403263197951,4.24103377531759,0.999999566958248
175,1,0.956932400173567,1,62.2770555968364,38.990228921268,40.9382100779331,0.487705922981805,99.8744310347901,99.8559214645943,6.0389758595801,6.04043089717218,6.7420609548522,6.74814845229721,481.37724054392,481.289082855204,3.28827565359102,3.28766624266969,4.99088364832715e-05
176,0,0.000958655673614604,0,57.5903048526172,39.4788163785342,39.424476490738,0.41900956708826,NaN,NaN,NaN,NaN,NaN,NaN,NaN,NaN,NaN,NaN,0.999999084424646
177,1,0.990930360470048,1,60.9929017788011,37.5235558398318,40.3528522880421,0.472114805491099,88.6301424377662,88.9182183897806,6.10011625555942,6.07968690972602,6.37682311536468,6.38400243613078,498.897764879222,498.639100011243,3.07790018305546,3.0879043306406,0.0100680170376284
178,1,0.999994107524401,1,56.9905790011338,42.0537512457244,39.0111479729847,0.440930517177745,87.6617689096833,87.6647495205173,4.79720188122955,4.79733475505376,6.1398587386007,6.13918097824526,499.999999999999,500,3.48848614886137,3.48860476179537,0.999998000757596
179,0,1.98195457456869e-06,0,61.1657311986385,26.8402038481844,40.2268273652982,0.400465070261055,NaN,NaN,NaN,NaN,NaN,NaN,NaN,NaN,NaN,NaN,0.999693263641081
180,0,0.00179442974685939,0,58.2045781814862,33.0257620941783,41.4854432583905,0.470937415357823,NaN,NaN,NaN,NaN,NaN,NaN,NaN,NaN,NaN,NaN,0.999999607778233
181,0,0.000162375639110952,0,59.480887528861,26.3407967774605,39.902254425447,0.449316533451187,NaN,NaN,NaN,NaN,NaN,NaN,NaN,NaN,NaN,NaN,0.999312781919821
182,0,2.95787821043075e-06,0,55.8437498678746,34.3094234359436,40.9834609796071,0.437159179772679,NaN,NaN,NaN,NaN,NaN,NaN,NaN,NaN,NaN,NaN,0.999999638134604
183,0,4.35122009649043e-05,0,62.8802158186932,20.9282549031406,40.986173558614,0.432199053742314,NaN,NaN,NaN,NaN,NaN,NaN,NaN,NaN,NaN,NaN,0.901773948602444
184,0,2.4726877884626e-05,0,57.9826824011119,22.7721577255612,38.7133948553631,0.447096428640843,NaN,NaN,NaN,NaN,NaN,NaN,NaN,NaN,NaN,NaN,0.998409284990006
185,0,0.002847754162545,0,60.3343418596415,32.2890175612331,39.5490742894253,0.441220549183998,NaN,NaN,NaN,NaN,NaN,NaN,NaN,NaN,NaN,NaN,0.98151617952224
186,1,0.999872423976341,1,56.3587361181055,42.7633831466217,38.8685278434592,0.520207453397142,92.9336177976205,92.864748547359,5.65306990461208,5.64978004878388,6.6413540879655,6.64206045578475,491.155493325759,491.15658236857,3.16982311823489,3.16747409376898,0.000149873764938003
187,1,0.0237773046252466,0,61.7274271950975,30.3713622417885,39.8672213604476,0.466266651869463,93.3053415116691,92.9422739386642,6.58261308251792,6.60985831197974,6.37218096898239,6.26176557896834,498.640202030849,498.209761745456,3.2418579089935,3.22924326695934,4.6723398834181e-05
188,0,4.92561760343782e-05,0,58.8533170440779,36.5384420152379,38.795278731691,0.416807951696716,NaN,NaN,NaN,NaN,NaN,NaN,NaN,NaN,NaN,NaN,0.999954138012707
189,0,0.0010231565892193,0,60.0693447516306,43.8490152343913,41.2837907776127,0.433197086683086,NaN,NaN,NaN,NaN,NaN,NaN,NaN,NaN,NaN,NaN,0.999998734002921
190,1,0.999849567252461,1,55.5486040053423,28.9970899274773,38.7397433181581,0.492387289577483,97.6066066233829,97.6042701834682,5.72121401362447,5.72074514731036,7.05529814341534,7.05428393672385,500.000000000002,500,3.56861117967074,3.56852575670718,0.999998446989935
191,0,0.21051657366014,0,62.0937485341004,30.7911573579723,38.9479370320932,0.450189783116902,NaN,NaN,NaN,NaN,NaN,NaN,NaN,NaN,NaN,NaN,2.60308503592227e-05
192,0,1.41724045865962e-06,0,57.2140923172486,36.9834866391458,39.3862439127561,0.414918423438574,NaN,NaN,NaN,NaN,NaN,NaN,NaN,NaN,NaN,NaN,0.999998982895032
193,1,0.999234723154139,1,60.6962675626197,37.7864307618395,39.5977934440516,0.499102810042239,97.2089341469103,97.1688789734631,6.02541540428576,6.02401599045554,6.67818277684796,6.6785096556791,476.103244443429,476.169750047105,3.20888520406556,3.20756297525451,1.99753040558141e-05
194,1,0.999875420579217,1,56.7907030281135,38.168728843851,39.7018248243303,0.509580216992878,95.2616731326854,95.2569249519114,5.81205677623991,5.81427626170772,6.81721617040833,6.81519693452247,500,500,3.29176179668304,3.29159772356148,0.999894225940166
195,1,0.996113990901837,1,61.5263356390471,41.4576186383848,39.0302072196865,0.47501105582862,89.6069858899243,89.6128087299349,5.70703997870508,5.70562489273712,6.21719462452769,6.21645909272684,471.790108565574,471.82769722233,3.06603494916071,3.0662341862039,1.06655771257806e-05
196,0,1.6083782942916e-06,0,58.4593321717261,41.7509964369466,40.6072896524528,0.409238530439877,NaN,NaN,NaN,NaN,NaN,NaN,NaN,NaN,NaN,NaN,0.999999318123667
197,0,8.18051358342938e-06,0,59.293989550131,26.8103675694002,40.6105286722551,0.422638353461881,NaN,NaN,NaN,NaN,NaN,NaN,NaN,NaN,NaN,NaN,0.999998617494554
198,1,0.999809251706361,1,56.180724667938,27.6559802082046,38.606833668783,0.500507503277013,95.7903466028215,95.829648279225,6.11737172450023,6.11328586336361,7.03032791901875,7.02919822402553,500.000000000026,500,3.40662096922507,3.40801866658914,0.999987430724925
199,0,6.98879497994155e-05,0,62.7135229790488,21.8592758409611,41.4723255171057,0.474060842204461,NaN,NaN,NaN,NaN,NaN,NaN,NaN,NaN,NaN,NaN,0.0805797652257474
200,1,0.984296664830005,1,57.8072952813528,40.3493431896704,40.190174932617,0.437973181623765,98.1001854653643,98.0947519578667,4.73020217279775,4.72945626560944,6.49147069313694,6.49152007946558,500.000000000001,500,3.87471407559511,3.87449946552193,0.999999301430296
201,1,0.999690655883546,1,60.4572389546936,43.3761312046377,39.4980772736284,0.456556857090393,81.6828346440879,81.7146952234525,5.62753714614845,5.62475451175641,5.96244559810035,5.97028441335953,497.164089161042,497.20247712307,2.95929064655549,2.96044492474512,0.00950860410770654
202,1,0.99992043005459,1,56.4851193890914,38.5528855230956,41.1327496233947,0.469456690307811,109.220365198496,109.22225974731,4.83351561869685,4.83475318596973,7.08211357742488,7.08165525564318,500.000000000001,500,4.11883164403651,4.11890308975627,0.999999580453089
203,0,0.000648279757015037,0,61.9039669317689,36.2294296818425,41.3903501886264,0.455487454463437,NaN,NaN,NaN,NaN,NaN,NaN,NaN,NaN,NaN,NaN,0.999936925112031
204,0,1.00876544280539e-05,0,59.0457173885743,40.0187848035277,40.5476178571114,0.425766757445693,NaN,NaN,NaN,NaN,NaN,NaN,NaN,NaN,NaN,NaN,0.999999236978623
205,0,2.7182556326196e-06,0,59.699059330037,28.5907425742975,40.4856713749179,0.410975897974394,NaN,NaN,NaN,NaN,NaN,NaN,NaN,NaN,NaN,NaN,0.999997230132793
206,0,0.00109786874173172,0,55.362826212484,25.6174625284849,40.4217760400481,0.476173982435615,NaN,NaN,NaN,NaN,NaN,NaN,NaN,NaN,NaN,NaN,0.999999435167175
207,1,0.0806718704191161,0,62.399957349644,35.8705735146381,40.4243735187618,0.455767894212894,89.1951613919582,89.3029393206826,6.13882956177626,6.11887175988944,6.26747446948841,6.28938142520056,497.132685726681,497.035002076312,3.13626877373924,3.14005844738388,0.000389230655373001
208,0,4.59095412917895e-07,0,60.8227123187364,23.581147904957,39.4493843127904,0.40903060981401,NaN,NaN,NaN,NaN,NaN,NaN,NaN,NaN,NaN,NaN,0.991113407964366
209,0,0.000122451195530686,0,61.2431548487729,40.3284033023662,40.2513344223103,0.420452017584121,NaN,NaN,NaN,NaN,NaN,NaN,NaN,NaN,NaN,NaN,0.999994477752455
210,0,5.27701713953313e-05,0,58.3691055232507,21.8802157165754,41.417025625968,0.479481400867378,NaN,NaN,NaN,NaN,NaN,NaN,NaN,NaN,NaN,NaN,0.999998514187579
211,1,0.999255839370785,1,59.5848948342247,27.6341939495021,38.644551322203,0.488589782081041,93.220305464801,93.0962601666086,6.46204635328741,6.46269570096402,6.75010581614617,6.75301848024007,485.704076217566,485.786757456528,3.2020636776403,3.19780279325136,4.12512541087672e-05
212,0,2.66517882510264e-05,0,55.8861838297151,20.4538835769432,41.0051311924511,0.466556078910163,NaN,NaN,NaN,NaN,NaN,NaN,NaN,NaN,NaN,NaN,0.999997000412139
213,0,7.46757624517263e-06,0,62.8358945034298,35.5898135944453,40.9615867979917,0.428091716541177,NaN,NaN,NaN,NaN,NaN,NaN,NaN,NaN,NaN,NaN,0.999451265475558
214,1,0.999898059852415,1,58.149262130754,35.1004557470537,39.4010082627577,0.467652512049049,89.5235257594341,89.4934816259293,5.63862098961829,5.63943709503519,6.47967457595312,6.4782963999237,500.000000000001,500,3.29207482875998,3.2909700070405,0.999955249569208
215,1,0.999981081632767,1,60.1677992148025,44.5197651231035,38.5857901491934,0.456562696407028,79.7557497306291,79.6656389157582,5.48152079106484,5.4820840820685,5.82217144843514,5.82346066840521,487.840867292916,487.967740345918,2.90333701538334,2.90005672443021,5.35050622472485e-05
216,0,9.19686976845972e-06,0,56.3064915776558,20.0085538308408,40.0860281879365,0.442846012455628,NaN,NaN,NaN,NaN,NaN,NaN,NaN,NaN,NaN,NaN,0.9999902409087
217,0,0.000156825620563192,0,61.6038906034879,22.7211475356376,40.203370581409,0.462072484516765,NaN,NaN,NaN,NaN,NaN,NaN,NaN,NaN,NaN,NaN,0.000446224251754147
218,0,4.27633309123585e-06,0,58.7336314567964,41.1625052389497,41.4620823075076,0.427043227876392,NaN,NaN,NaN,NaN,NaN,NaN,NaN,NaN,NaN,NaN,0.999999446268663
219,0,0.000298491560498533,0,59.8907838344553,22.8535731395814,39.8788347901315,0.49186036899578,NaN,NaN,NaN,NaN,NaN,NaN,NaN,NaN,NaN,NaN,0.00365062069646196
220,0,4.03234150169641e-08,0,55.7238685183418,37.6940670319633,40.1443115421849,0.405224493811924,NaN,NaN,NaN,NaN,NaN,NaN,NaN,NaN,NaN,NaN,0.999999574992698
221,1,0.90016900869878,1,62.2602135736429,42.68205413605,39.9171520379735,0.434088001432318,80.6144411721733,80.7298418798775,5.57482637523291,5.57139373531688,5.85758155104282,5.84467444015235,498.202916164734,498.378924648352,2.98277431732324,2.9870721588545,0.124869747141825
222,1,0.999300861037631,1,57.3502729646035,24.2155432640252,38.7515509279006,0.523028415515278,100.204419769553,100.354569151095,6.94919277960954,6.94645236625873,7.30251140427866,7.30781990029189,499.999999999998,500,3.34061251729783,3.34561819374004,0.84011428817782
223,1,0.99989144123645,1,60.731538497799,42.7851664367797,38.8073671468155,0.464176971961612,83.6131742562123,83.5514633968155,5.60510360491055,5.61037789533691,5.98874161823117,5.98749136455213,481.992480704985,482.046303785777,2.96603886121195,2.96384977069165,2.28539773323579e-05
224,0,3.72270229857057e-07,0,56.8994358582859,32.2679853362564,39.5875299191636,0.415676162078099,NaN,NaN,NaN,NaN,NaN,NaN,NaN,NaN,NaN,NaN,0.999998896210091
225,0,5.06679212004474e-07,0,61.4194894064628,22.7504652946031,38.7752865992538,0.409410987149475,NaN,NaN,NaN,NaN,NaN,NaN,NaN,NaN,NaN,NaN,0.250494343331716
226,0,2.12730967067127e-05,0,58.5484698965813,32.6743605608793,41.3625481697081,0.433934892081166,NaN,NaN,NaN,NaN,NaN,NaN,NaN,NaN,NaN,NaN,0.999999616221913
227,0,1.60209511292824e-05,0,59.2275583181362,22.618035237864,41.3541599915461,0.446722866950108,NaN,NaN,NaN,NaN,NaN,NaN,NaN,NaN,NaN,NaN,0.999998783425471
228,1,0.999990458738319,1,56.0748174617514,39.5946851388398,39.5288089682766,0.449973731892993,96.4011255224599,96.399975859271,4.70325796326643,4.7024731311717,6.5191459574524,6.51868913951849,500,500,3.82056043823078,3.82051487488623,0.999999386885034
229,1,0.924519084508009,1,62.5443966526008,44.4168301330497,39.6897614896097,0.424565859623564,78.4648725023437,78.5353439175067,5.4313810575534,5.42153384286484,5.7141078599399,5.70355976155298,497.86941706815,498.023536657168,2.95489326035296,2.95754712958517,0.0226280798815153
230,1,0.999629155726701,1,57.732785418631,25.6084375670713,38.5951980591863,0.508571367560118,95.2534891933229,95.1636742274037,6.72986802454301,6.74104682341235,7.00535933987178,7.00185128980876,497.55967523513,497.430009341821,3.24420476103779,3.24113249077055,0.0248394068093565
231,1,0.901373404538925,1,60.3384398640926,35.4974286120106,40.5725046546367,0.460855551415282,93.0521663176011,93.0297457196821,5.78648764701384,5.78772057242501,6.57086263347255,6.56927339040159,500.000000000001,500,3.34632091822312,3.34551463376157,0.999965929130773
232,1,0.999992724716237,1,56.6076436308198,39.9302478105987,38.5626481264829,0.452340882668033,84.8130041794966,84.8075719750861,5.04429434339809,5.0425640315891,6.14232610836991,6.14370293033754,499.999999999995,500,3.31223794697832,3.31202580081329,0.999987407649107
233,0,2.65608180173824e-06,0,61.9614331145971,27.7387844337351,39.7949856470369,0.404382928850892,NaN,NaN,NaN,NaN,NaN,NaN,NaN,NaN,NaN,NaN,0.980819407695632
234,0,0.000655221574028328,0,58.9094481685968,27.2501909927206,41.3175169667119,0.497325549607589,NaN,NaN,NaN,NaN,NaN,NaN,NaN,NaN,NaN,NaN,0.999999507475971
235,1,0.999552228388503,1,59.8353360582225,40.4330056987969,41.4021692431589,0.504461815664536,101.186182735381,100.734097530469,5.99766851452972,6.00185591293109,6.94554267913346,6.94126456234784,497.319211803888,497.259050078089,3.3522405809644,3.33726325570855,0.0255254901335449
236,1,0.999838538528728,1,55.4057780034212,37.1536577303697,40.4433305183728,0.506831566039685,105.525524129578,105.529777218317,5.31651665894414,5.3173423902217,7.23682658787097,7.23664588399104,500.000000000004,500,3.75784449945797,3.75799595519585,0.999999622272361
237,0,0.000354411296193866,0,62.355119129607,25.1396817380714,40.399899816049,0.451803743852627,NaN,NaN,NaN,NaN,NaN,NaN,NaN,NaN,NaN,NaN,0.000267818504741385
238,0,3.45792037391097e-05,0,57.6683385318366,24.8471160528862,39.2142510879571,0.439672647366503,NaN,NaN,NaN,NaN,NaN,NaN,NaN,NaN,NaN,NaN,0.999952206299515
239,0,1.21049519134268e-05,0,61.0183988550881,37.4352112391897,39.5214982948398,0.413194481145674,NaN,NaN,NaN,NaN,NaN,NaN,NaN,NaN,NaN,NaN,0.999853247107051
240,1,0.999509276819853,1,57.0142173621157,41.8922534804276,41.1561692588418,0.512080490870607,103.722487090391,103.693995167186,5.51940308330507,5.52027798575276,7.1004935458629,7.0997798169768,499.999999999966,500,3.55264264181951,3.55166675294402,0.999998828479176
241,0,0.000232324171093524,0,61.0720304257392,27.0261007784814,39.5597134387356,0.458925291292599,NaN,NaN,NaN,NaN,NaN,NaN,NaN,NaN,NaN,NaN,0.000166622126499438
242,0,9.38475029549348e-08,0,58.2358104257223,32.9501097169035,39.1557388237695,0.405553731985346,NaN,NaN,NaN,NaN,NaN,NaN,NaN,NaN,NaN,NaN,0.999976977347191
243,0,3.40495784374997e-05,0,59.4103928203658,37.7959029500513,38.567052000257,0.411609275971481,NaN,NaN,NaN,NaN,NaN,NaN,NaN,NaN,NaN,NaN,0.999814064595803
244,0,2.96919143551013e-06,0,55.7704161871323,29.7975423690279,40.3982763407718,0.425055594457186,NaN,NaN,NaN,NaN,NaN,NaN,NaN,NaN,NaN,NaN,0.999999624077992
245,0,0.000183618292508071,0,62.9592249332302,44.9350513532789,40.4478403163404,0.403734418655923,NaN,NaN,NaN,NaN,NaN,NaN,NaN,NaN,NaN,NaN,0.999952251622141
246,0,0.000662461540331512,0,57.9624655888152,29.6399319627561,39.309318132632,0.44411461671843,NaN,NaN,NaN,NaN,NaN,NaN,NaN,NaN,NaN,NaN,0.999966722725557
247,0,1.41266297730981e-06,0,60.2204656744294,20.2942671036941,38.6728110016757,0.439014427035923,NaN,NaN,NaN,NaN,NaN,NaN,NaN,NaN,NaN,NaN,0.0393196498449691
248,1,0.999643341676731,1,56.4385620843222,34.8244329495958,39.3470860642921,0.522692540153745,97.1704930086907,97.1764373671671,6.09269222512349,6.09784983377508,6.99299489762806,6.99290969604229,500.000000000001,500,3.29391330011233,3.29411480368444,0.999953195367404
249,0,0.0141112148725452,0,61.7649343193884,28.3703605754447,39.3322772898282,0.465196819654363,NaN,NaN,NaN,NaN,NaN,NaN,NaN,NaN,NaN,NaN,2.97135710558976e-05
250,0,2.34594945593806e-06,0,58.8151299500843,34.7335202193494,38.9993403548605,0.415183470887569,NaN,NaN,NaN,NaN,NaN,NaN,NaN,NaN,NaN,NaN,0.999964057421601
251,0,1.02197719287203e-05,0,60.0318598002447,39.892599750052,41.1031592352586,0.431052385222906,NaN,NaN,NaN,NaN,NaN,NaN,NaN,NaN,NaN,NaN,0.999999104404726
252,1,0.999849474435657,1,55.5858672274251,29.730849154665,38.9670767017055,0.488902113996259,98.9649491104912,98.9372581663091,5.5948719112013,5.59476463826081,7.0740366680715,7.07345331717741,500,500,3.64162401853917,3.64060507184808,0.99999922210388
253,0,0.000256456116204649,0,62.0693250419287,36.2264139110325,40.5472002890109,0.442899905293305,NaN,NaN,NaN,NaN,NaN,NaN,NaN,NaN,NaN,NaN,0.983027739295947
254,1,0.990880620363073,1,57.2993287055625,29.8884551196018,40.7870265635929,0.521019014495395,111.949529801232,111.949242054613,6.14233471878403,6.14003686598971,7.69994959478843,7.70025475974927,500.000000000007,500,3.74989551333371,3.74988587488535,0.999999580951453
255,0,1.14118958166731e-07,0,60.5997008074389,32.3576204744152,40.9977977206264,0.405986469483093,NaN,NaN,NaN,NaN,NaN,NaN,NaN,NaN,NaN,NaN,0.999999064449419
256,1,0.999721304675231,1,56.7071057778705,33.040818294011,39.4975794240482,0.508955332127412,97.4731072451143,97.4710556675217,5.99566076954507,5.99404644676311,7.00162588795886,7.00251977235804,500.000000000001,500,3.37728460056799,3.37721351674182,0.99999679169907
257,1,0.997822513642086,1,61.4739615666349,42.2886541434655,38.8581876216629,0.477059149454822,90.1266238692884,90.1376440793483,5.63872799793722,5.63422458191686,6.21167763217533,6.20980515661562,467.978413532948,468.008324459357,3.07319184414576,3.07356761789837,1.04904167410629e-05
258,0,2.61475543016261e-05,0,58.4220647921886,41.9968499309913,40.0056888028013,0.410498928705733,NaN,NaN,NaN,NaN,NaN,NaN,NaN,NaN,NaN,NaN,0.999999246067918
259,0,4.76119043071435e-06,0,59.3464005774564,31.9359892557576,40.0904090844243,0.424140379482917,NaN,NaN,NaN,NaN,NaN,NaN,NaN,NaN,NaN,NaN,0.999997041138861
260,0,0.036878217796308,0,56.1396929839787,24.7547251158531,39.6033786472629,0.479787026836486,NaN,NaN,NaN,NaN,NaN,NaN,NaN,NaN,NaN,NaN,0.999998419553822
261,0,0.0203008363663657,0,62.6769785215137,30.7286240864755,40.4991935412918,0.476404178537662,NaN,NaN,NaN,NaN,NaN,NaN,NaN,NaN,NaN,NaN,2.47277957818806e-05
262,1,0.965734475772549,1,57.9032040040252,37.0612786997136,40.8320346047494,0.458466971727884,103.66954845859,103.666541556562,5.06046335061273,5.06110244827411,6.88320395180624,6.88292548891522,499.999999999999,500,3.90517551000707,3.90506224164298,0.999999537929805
263,1,0.998092492101564,1,60.5358854715621,33.3560599221232,40.0236196579868,0.477455306799958,90.7620022694923,90.824296961232,6.26285651230647,6.27218374061109,6.54668651032046,6.54191047685198,496.92610670307,496.965513878707,3.14020820355105,3.14236349367949,0.00246128344229886
264,1,0.999954010270995,1,56.5318259296918,41.3258664663231,39.1504773619899,0.42842479169804,93.9435627263465,93.963745629418,4.46082260095871,4.4596182651927,6.25768190767639,6.25697649360529,499.999999999997,500,3.87881814998726,3.87965147808855,0.999999130247114
265,1,0.989179502474908,1,61.8288736207179,38.9129917612056,38.8931288438934,0.475650266901106,89.6490171879638,89.65364364052,5.86923602658141,5.86188739568342,6.2473835545874,6.25133842604266,470.491888962617,470.576020793738,3.04836139704202,3.04851871164304,7.52270608894654e-06
266,0,0.000299043439396048,0,59.0775620099902,29.0120204524058,40.7817195018129,0.458109922878813,NaN,NaN,NaN,NaN,NaN,NaN,NaN,NaN,NaN,NaN,0.999999446995882
267,1,0.999705129281367,1,59.6691153929442,39.4635128472589,40.814438533516,0.469093200988192,94.3285331529452,94.3399194146466,5.60438044676162,5.60065341605864,6.58248724942589,6.58104594818326,500,500,3.3700344721262,3.37044126414511,0.999992162726746
268,0,2.35589515250489e-06,0,55.2714470388247,36.5236068201337,40.9369449354306,0.434469682682287,NaN,NaN,NaN,NaN,NaN,NaN,NaN,NaN,NaN,NaN,0.999999632487471
269,0,1.35818288386967e-05,0,62.4894501408389,24.9032956676293,40.8463417202465,0.409344925468768,NaN,NaN,NaN,NaN,NaN,NaN,NaN,NaN,NaN,NaN,0.998650377812191
270,1,0.999166236307533,1,57.4761107167224,28.689786404873,40.1892769146204,0.49359275071651,105.643366664443,105.63238759933,5.92978919699409,5.92627157380477,7.36564949195914,7.3650322364978,499.999999999999,500,3.72379777033092,3.72341077189002,0.999999496759662
271,0,8.21555004004981e-05,0,60.8978019356513,26.5616602232269,40.0722901796185,0.436533012878255,NaN,NaN,NaN,NaN,NaN,NaN,NaN,NaN,NaN,NaN,0.959099324939613
272,0,0.0529642324999666,0,57.1348734382629,21.7168418337653,39.105400389808,0.48808530790924,NaN,NaN,NaN,NaN,NaN,NaN,NaN,NaN,NaN,NaN,0.999972072875057
273,0,8.12144808670959e-05,0,61.2510134538334,24.5574845736695,41.391239595505,0.441974216107333,NaN,NaN,NaN,NaN,NaN,NaN,NaN,NaN,NaN,NaN,0.999998030840735
274,1,0.99882274335763,1,58.3012617542049,43.2186376182783,40.3179186403948,0.520540390239862,101.269223720935,101.210471605406,5.73456682520294,5.73640873027485,6.92959940079828,6.93519574054547,487.3104457459,487.254056686402,3.33691461246841,3.33497867590095,8.2157710726493e-05
275,1,0.999839050690877,1,59.5182345160996,37.2538880992419,39.8080900633108,0.465886625287137,87.5786262867579,87.5590231271874,5.7848316031344,5.78769617725163,6.34652809762479,6.34878762631463,499.999999999998,500,3.15840519724447,3.1576982356981,0.999394675145777
276,0,3.84977166631007e-08,0,55.9716237834587,38.3072110361737,40.9680462877066,0.409796901115268,NaN,NaN,NaN,NaN,NaN,NaN,NaN,NaN,NaN,NaN,0.999999623267681
277,0,2.18117859481694e-05,0,62.7655917973619,23.1682365227145,40.9997574807707,0.416572885043726,NaN,NaN,NaN,NaN,NaN,NaN,NaN,NaN,NaN,NaN,0.99798450076088
278,1,0.998932010126943,1,58.0674881103303,23.6569193474125,39.3875560803904,0.513105769265789,103.341911491874,103.375994494222,6.85885830627542,6.85818711287723,7.44379129846636,7.44153387400039,500.000000000001,500,3.46845890165863,3.4696028275952,0.997930992250829
279,1,0.997379146366853,1,60.1135787510368,26.7167320513207,38.5005599528744,0.49829971366497,97.194367937885,97.07880343681,6.61367238996429,6.58104228175688,6.90565565692238,6.91481776725458,477.483184332373,477.434957732981,3.2447248838782,3.24086688651916,1.21877597250175e-05
280,1,0.999407994236156,1,56.2684409349371,27.1204047038176,39.1935951310938,0.521114713831056,103.538031833644,103.483224053486,6.33811970358671,6.33518705618098,7.43345320179889,7.43331545156856,500,500,3.53103227616955,3.52916312685992,0.999998156532886
281,0,7.22876595224336e-06,0,61.6268043934303,28.1186442134703,39.0289094185249,0.422978788524736,NaN,NaN,NaN,NaN,NaN,NaN,NaN,NaN,NaN,NaN,0.00149056407743534
282,1,0.999837684960314,1,58.6505255552036,34.0914530119904,39.2585683222376,0.480085952573837,87.5525417802986,87.5060602324116,6.05110635793887,6.05339046217198,6.44558158894951,6.44483813688449,500.000000000001,500,3.1094090061449,3.10775822433228,0.960349563235795
283,1,0.999688389121785,1,59.9610869972709,35.909930714223,39.847255211411,0.479892041142202,88.4118355265737,88.4576808126651,6.15328584673354,6.13806736218709,6.42302543908282,6.42632608309088,498.954209255056,498.919068568719,3.07253870501191,3.07413194663073,0.0125800041098288
284,0,5.29137885653565e-05,0,55.6571130817239,21.0732563616203,40.1295783341744,0.463154598113634,NaN,NaN,NaN,NaN,NaN,NaN,NaN,NaN,NaN,NaN,0.999993866712011
285,0,4.10373132284428e-06,0,62.1908564651083,28.551480780207,39.9963405169263,0.402381734572043,NaN,NaN,NaN,NaN,NaN,NaN,NaN,NaN,NaN,NaN,0.988303398932502
286,0,6.13989825869363e-05,0,60.7858975579819,22.3267489068194,39.9289961876294,0.49810337983208,NaN,NaN,NaN,NaN,NaN,NaN,NaN,NaN,NaN,NaN,8.5804776526209e-05
287,0,0.00383928837541305,0,56.8755091413533,32.8041580383861,39.2386060346727,0.437319008359723,NaN,NaN,NaN,NaN,NaN,NaN,NaN,NaN,NaN,NaN,0.999998502622291
288,1,0.612965171708974,0,61.305572934351,42.1346655557889,39.8677904221172,0.42494008412068,83.4199435191423,83.5773765687406,5.25674341265209,5.25149135884281,5.93654104336564,5.93068794150569,500,500,3.20215416203083,3.20819737992028,0.9998817273666
289,1,0.920758979397115,1,58.588612274027,44.1496626641042,40.5934996653564,0.431550798075285,97.3783278639194,97.3459533410917,4.64065148307255,4.64148179053296,6.3569061367556,6.35595487282201,499.999999999982,500,3.85138715131792,3.85010671424354,0.999999046760396
290,0,0.000152853794470674,0,59.1817473255247,30.5762281882594,40.626149283727,0.444254234782988,NaN,NaN,NaN,NaN,NaN,NaN,NaN,NaN,NaN,NaN,0.999999372033195
291,1,0.999988651905569,1,56.0222397780333,38.5690846034267,38.7011785212344,0.446308613131781,89.8981982439863,89.9215788301269,4.80869150737088,4.80799749310746,6.3058252391557,6.30563960436682,500,500,3.59546653937718,3.5964016428251,0.999998537127337
292,0,0.00115783501652103,0,62.6324119923381,32.0765594991107,40.2842011854169,0.459804827293054,NaN,NaN,NaN,NaN,NaN,NaN,NaN,NaN,NaN,NaN,4.19128955971444e-05
293,0,1.41095384178698e-07,0,57.7073273572073,38.0422157811058,41.3810455306734,0.417588940841526,NaN,NaN,NaN,NaN,NaN,NaN,NaN,NaN,NaN,NaN,0.999999587108666
294,0,2.01305364053118e-05,0,60.4340828641259,23.0392363329522,39.403638778555,0.44395141141094,NaN,NaN,NaN,NaN,NaN,NaN,NaN,NaN,NaN,NaN,0.0539004040589648
295,0,0.000159423835266139,0,56.7012689017492,27.5909768563331,41.4134980335858,0.481465917740587,NaN,NaN,NaN,NaN,NaN,NaN,NaN,NaN,NaN,NaN,0.999999596218535
296,0,5.21818113640487e-07,0,62.0025141388293,25.6385836590327,38.9731916854356,0.40272655770369,NaN,NaN,NaN,NaN,NaN,NaN,NaN,NaN,NaN,NaN,0.275343286501592
297,1,0.441381033334862,0,58.9544311652936,25.9318660901627,40.6393120276739,0.501264857039524,108.718441327918,108.790023291717,6.46996760067999,6.47604363328384,7.57011431488091,7.57427676171077,499.999999999997,500,3.67891290258403,3.68133515778743,0.999998337927273
298,1,0.999164253396753,1,59.7846687262172,36.3788097168411,40.5774563270802,0.508455310968606,100.313200276562,100.353335252481,6.22830373648949,6.22380285347048,6.95613343528745,6.95941051725807,492.514143381504,492.502653034717,3.30001163217901,3.3013319557957,0.000519196249509595
299,0,0.0514072323853727,0,55.4591919425612,27.9245869944712,40.8217257964119,0.538004751193044,NaN,NaN,NaN,NaN,NaN,NaN,NaN,NaN,NaN,NaN,0.999999554334057
300,1,0.909970731926695,1,62.3187363915193,39.7402039444479,40.7714972908123,0.471009432046516,92.9914271567774,92.9810650441988,5.96776948734963,5.96664834505035,6.45121902080038,6.4531082917175,488.869664591511,488.830180311244,3.16806927923401,3.16771625862207,0.00012302780507321
