case_id,Qf_train_m3h,T_RO_in_C,Cf_kg_m3,R_target,InTrainingDomain,P_feasible,ClassifierFeasible,Feasible,Qp_train_m3h,W_RO_train_kW,SEC_kWh_m3,Cp_mg_L,P1_opt_gauge_MPa,P2_opt_gauge_MPa,P_CpBoundary,dSEC_dT_forward_kWh_m3K
25247,49.05,20,38.8,0.42,1,1.77153128177604e-07,0,0,NaN,NaN,NaN,NaN,NaN,NaN,0.999991221641869,NaN
25258,49.05,20.5,38.8,0.42,1,2.40341496279653e-07,0,0,NaN,NaN,NaN,NaN,NaN,NaN,0.999992431998945,NaN
25269,49.05,21,38.8,0.42,1,3.38218228484623e-07,0,0,NaN,NaN,NaN,NaN,NaN,NaN,0.999993502644533,NaN
25280,49.05,21.5,38.8,0.42,1,4.89326318196153e-07,0,0,NaN,NaN,NaN,NaN,NaN,NaN,0.999994444137948,NaN
25291,49.05,22,38.8,0.42,1,7.20136147865027e-07,0,0,NaN,NaN,NaN,NaN,NaN,NaN,0.999995268339646,NaN
25302,49.05,22.5,38.8,0.42,1,1.06663369274521e-06,0,0,NaN,NaN,NaN,NaN,NaN,NaN,0.999995987039148,NaN
25313,49.05,23,38.8,0.42,1,1.57525272206934e-06,0,0,NaN,NaN,NaN,NaN,NaN,NaN,0.999996611032731,NaN
25324,49.05,23.5,38.8,0.42,1,2.30309773947352e-06,0,0,NaN,NaN,NaN,NaN,NaN,NaN,0.999997149680692,NaN
25335,49.05,24,38.8,0.42,1,3.31807047250147e-06,0,0,NaN,NaN,NaN,NaN,NaN,NaN,0.999997610912295,NaN
25346,49.05,24.5,38.8,0.42,1,4.70022116154094e-06,0,0,NaN,NaN,NaN,NaN,NaN,NaN,0.999998001583237,NaN
25357,49.05,25,38.8,0.42,1,6.54590377708847e-06,0,0,NaN,NaN,NaN,NaN,NaN,NaN,0.999998328024147,NaN
25368,49.05,25.5,38.8,0.42,1,8.97583124400747e-06,0,0,NaN,NaN,NaN,NaN,NaN,NaN,0.999998596573222,NaN
25379,49.05,26,38.8,0.42,1,1.2147107442602e-05,0,0,NaN,NaN,NaN,NaN,NaN,NaN,0.999998813901339,NaN
25390,49.05,26.5,38.8,0.42,1,1.62682492922202e-05,0,0,NaN,NaN,NaN,NaN,NaN,NaN,0.999998987031358,NaN
25401,49.05,27,38.8,0.42,1,2.1615380046733e-05,0,0,NaN,NaN,NaN,NaN,NaN,NaN,0.999999123088377,NaN
25412,49.05,27.5,38.8,0.42,1,2.85470097036857e-05,0,0,NaN,NaN,NaN,NaN,NaN,NaN,0.999999228919708,NaN
25423,49.05,28,38.8,0.42,1,3.75137898853847e-05,0,0,NaN,NaN,NaN,NaN,NaN,NaN,0.999999310740635,NaN
25434,49.05,28.5,38.8,0.42,1,4.90583136614984e-05,0,0,NaN,NaN,NaN,NaN,NaN,NaN,0.999999373905772,NaN
25445,49.05,29,38.8,0.42,1,6.37989999352336e-05,0,0,NaN,NaN,NaN,NaN,NaN,NaN,0.999999422828837,NaN
25456,49.05,29.5,38.8,0.42,1,8.23924646427451e-05,0,0,NaN,NaN,NaN,NaN,NaN,NaN,0.999999461020404,NaN
25467,49.05,30,38.8,0.42,1,0.000105471685966463,0,0,NaN,NaN,NaN,NaN,NaN,NaN,0.99999949119534,NaN
25478,49.05,30.5,38.8,0.42,1,0.000133563044057246,0,0,NaN,NaN,NaN,NaN,NaN,NaN,0.999999515407613,NaN
25489,49.05,31,38.8,0.42,1,0.000166992599457532,0,0,NaN,NaN,NaN,NaN,NaN,NaN,0.999999535184614,NaN
25500,49.05,31.5,38.8,0.42,1,0.000205797634069938,0,0,NaN,NaN,NaN,NaN,NaN,NaN,0.999999551646496,NaN
25511,49.05,32,38.8,0.42,1,0.000249659966562894,0,0,NaN,NaN,NaN,NaN,NaN,NaN,0.999999565605213,NaN
25522,49.05,32.5,38.8,0.42,1,0.000297871441058425,0,0,NaN,NaN,NaN,NaN,NaN,NaN,0.999999577643173,NaN
25533,49.05,33,38.8,0.42,1,0.000349331922101907,0,0,NaN,NaN,NaN,NaN,NaN,NaN,0.999999588173844,NaN
25544,49.05,33.5,38.8,0.42,1,0.000402572039977237,0,0,NaN,NaN,NaN,NaN,NaN,NaN,0.999999597487553,NaN
25555,49.05,34,38.8,0.42,1,0.000455792131303533,0,0,NaN,NaN,NaN,NaN,NaN,NaN,0.999999605785644,NaN
25566,49.05,34.5,38.8,0.42,1,0.000506915743327009,0,0,NaN,NaN,NaN,NaN,NaN,NaN,0.999999613205843,NaN
25577,49.05,35,38.8,0.42,1,0.000553665444523394,0,0,NaN,NaN,NaN,NaN,NaN,NaN,0.999999619841122,NaN
25588,49.05,35.5,38.8,0.42,1,0.000593673229806425,0,0,NaN,NaN,NaN,NaN,NaN,NaN,0.999999625753853,NaN
25599,49.05,36,38.8,0.42,1,0.000624633520167715,0,0,NaN,NaN,NaN,NaN,NaN,NaN,0.999999630986519,NaN
25610,49.05,36.5,38.8,0.42,1,0.000644495529574334,0,0,NaN,NaN,NaN,NaN,NaN,NaN,0.999999635569855,NaN
25621,49.05,37,38.8,0.42,1,0.000651679491141566,0,0,NaN,NaN,NaN,NaN,NaN,NaN,0.999999639528923,NaN
25632,49.05,37.5,38.8,0.42,1,0.000645292967097509,0,0,NaN,NaN,NaN,NaN,NaN,NaN,0.999999642887374,NaN
25643,49.05,38,38.8,0.42,1,0.000625319469049382,0,0,NaN,NaN,NaN,NaN,NaN,NaN,0.999999645669993,NaN
25654,49.05,38.5,38.8,0.42,1,0.000592747549838548,0,0,NaN,NaN,NaN,NaN,NaN,NaN,0.999999647903574,NaN
25665,49.05,39,38.8,0.42,1,0.000549600936486714,0,0,NaN,NaN,NaN,NaN,NaN,NaN,0.999999649616166,NaN
25676,49.05,39.5,38.8,0.42,1,0.000498824417659662,0,0,NaN,NaN,NaN,NaN,NaN,NaN,0.999999650834794,NaN
25687,49.05,40,38.8,0.42,1,0.000443992790315789,0,0,NaN,NaN,NaN,NaN,NaN,NaN,0.999999651581798,NaN
25698,49.05,40.5,38.8,0.42,1,0.000388858110381493,0,0,NaN,NaN,NaN,NaN,NaN,NaN,0.999999651869938,NaN
25709,49.05,41,38.8,0.42,1,0.000336826813191509,0,0,NaN,NaN,NaN,NaN,NaN,NaN,0.999999651696398,NaN
25720,49.05,41.5,38.8,0.42,1,0.000290518529129114,0,0,NaN,NaN,NaN,NaN,NaN,NaN,0.999999651035724,NaN
25731,49.05,42,38.8,0.42,1,0.000251547739683635,0,0,NaN,NaN,NaN,NaN,NaN,NaN,0.999999649831691,NaN
25742,49.05,42.5,38.8,0.42,1,0.000220578948126414,0,0,NaN,NaN,NaN,NaN,NaN,NaN,0.999999647988019,NaN
25753,49.05,43,38.8,0.42,1,0.000197594263486472,0,0,NaN,NaN,NaN,NaN,NaN,NaN,0.999999645357968,NaN
25764,49.05,43.5,38.8,0.42,1,0.000182254046846993,0,0,NaN,NaN,NaN,NaN,NaN,NaN,0.999999641732967,NaN
25775,49.05,44,38.8,0.42,1,0.000174251033575042,0,0,NaN,NaN,NaN,NaN,NaN,NaN,0.999999636830875,NaN
25786,49.05,44.5,38.8,0.42,1,0.000173624020875365,0,0,NaN,NaN,NaN,NaN,NaN,NaN,0.999999630285013,NaN
25797,49.05,45,38.8,0.42,1,0.000181066776861809,0,0,NaN,NaN,NaN,NaN,NaN,NaN,0.999999621635887,NaN
86957,49.05,20,38.8,0.47,1,0.00037162251837351,0,0,NaN,NaN,NaN,NaN,NaN,NaN,0.999995496787824,NaN
86968,49.05,20.5,38.8,0.47,1,0.000631082064797689,0,0,NaN,NaN,NaN,NaN,NaN,NaN,0.999996309781352,NaN
86979,49.05,21,38.8,0.47,1,0.00109872620551788,0,0,NaN,NaN,NaN,NaN,NaN,NaN,0.999996993713017,NaN
86990,49.05,21.5,38.8,0.47,1,0.00192558258595431,0,0,NaN,NaN,NaN,NaN,NaN,NaN,0.999997555589844,NaN
87001,49.05,22,38.8,0.47,1,0.00332123835920395,0,0,NaN,NaN,NaN,NaN,NaN,NaN,0.999998006672339,NaN
87012,49.05,22.5,38.8,0.47,1,0.00552799773878733,0,0,NaN,NaN,NaN,NaN,NaN,NaN,0.999998361316221,NaN
87023,49.05,23,38.8,0.47,1,0.0087911507040953,0,0,NaN,NaN,NaN,NaN,NaN,NaN,0.999998635287883,NaN
87034,49.05,23.5,38.8,0.47,1,0.0134034657445775,0,0,NaN,NaN,NaN,NaN,NaN,NaN,0.999998844119297,NaN
87045,49.05,24,38.8,0.47,1,0.0199288755147606,0,0,NaN,NaN,NaN,NaN,NaN,NaN,0.999999001887148,NaN
87056,49.05,24.5,38.8,0.47,1,0.0297351650620949,0,0,NaN,NaN,NaN,NaN,NaN,NaN,0.999999120551218,NaN
87067,49.05,25,38.8,0.47,1,0.0461407963242118,0,0,NaN,NaN,NaN,NaN,NaN,NaN,0.999999209784299,NaN
87078,49.05,25.5,38.8,0.47,1,0.0769642380606368,0,0,NaN,NaN,NaN,NaN,NaN,NaN,0.999999277128961,NaN
87089,49.05,26,38.8,0.47,1,0.139520032048946,0,0,NaN,NaN,NaN,NaN,NaN,NaN,0.999999328314368,NaN
87100,49.05,26.5,38.8,0.47,1,0.263840518701673,0,0,NaN,NaN,NaN,NaN,NaN,NaN,0.999999367612847,NaN
87111,49.05,27,38.8,0.47,1,0.466834987361525,0,0,NaN,NaN,NaN,NaN,NaN,NaN,0.999999398169385,NaN
87122,49.05,27.5,38.8,0.47,1,0.690151253130571,0,0,NaN,NaN,NaN,NaN,NaN,NaN,0.999999422277011,NaN
87133,49.05,28,38.8,0.47,1,0.845973857738953,1,1,23.0535,138.917450085234,6.02587243087748,500,3.53159914893836,8.14891054747786,0.999999441594074,-0.129736679681859
87144,49.05,28.5,38.8,0.47,1,0.92513995371595,1,1,23.0535,137.422007812711,5.96100409103655,500,3.53703483227569,8.08702624909947,0.999999457309972,-0.125686551555098
87155,49.05,29,38.8,0.47,1,0.960744013988731,1,1,23.0535,135.973250354573,5.898160815259,500,3.54228331703739,8.02657214316124,0.999999470269276,-0.121763938498315
87166,49.05,29.5,38.8,0.47,1,0.976833822565455,1,1,23.0535,134.569707876488,5.83727884600984,500,3.54734146353854,7.96753206238152,0.99999948106407,-0.118013584422524
87177,49.05,30,38.8,0.47,1,0.984511529703094,1,1,23.0535,133.209394792246,5.77827205379858,500,3.55220625785949,7.90988737547759,0.999999490102939,-0.114457283700595
87188,49.05,30.5,38.8,0.47,1,0.988382605109417,1,1,23.0535,131.89007429735,5.72104341194829,500,3.55687480714691,7.85361697799376,0.999999497663171,-0.111101320297356
87199,49.05,31,38.8,0.47,1,0.990376764421717,1,1,23.0535,130.609437153612,5.66549275179961,500,3.56134433186155,7.79869737377252,0.999999503930978,-0.107942153704077
87210,49.05,31.5,38.8,0.47,1,0.991341811009846,1,1,23.0535,129.365214933404,5.61152167494757,500,3.56561215508018,7.74510285559677,0.999999509032973,-0.104970204136412
87221,49.05,32,38.8,0.47,1,0.991668860420292,1,1,23.0535,128.155249632874,5.55903657287936,500,3.56967568904647,7.69280579196573,0.999999513060873,-0.102171712364456
87232,49.05,32.5,38.8,0.47,1,0.991543947312733,1,1,23.0535,126.977541847377,5.50795071669713,500,3.57353241930059,7.64177702359526,0.999999516090435,-0.0995285900493084
87243,49.05,33,38.8,0.47,1,0.991055933611283,1,1,23.0535,125.830300672027,5.45818642167248,500,3.57717988691494,7.59198636650191,0.999999518195088,-0.0970161659401754
87254,49.05,33.5,38.8,0.47,1,0.990247638036745,1,1,23.0535,124.712019581276,5.40967833870239,500,3.58061566964448,7.54340320700698,0.999999519454457,-0.0945992323678979
87265,49.05,34,38.8,0.47,1,0.98914410188172,1,1,23.0535,123.621597879579,5.36237872251844,500,3.58383736318991,7.49599715693223,0.999999519958049,-0.0922285455069236
87276,49.05,34.5,38.8,0.47,1,0.98777154160018,1,1,23.0535,122.558502492657,5.31626444976498,500,3.58684256430229,7.44973871541902,0.999999519804532,-0.0898432593577354
87287,49.05,35,38.8,0.47,1,0.98617179538458,1,1,23.0535,121.522901702855,5.27134282008611,500,3.58962885816641,7.40459986039496,0.999999519097313,-0.0873871162084559
87298,49.05,35.5,38.8,0.47,1,0.984412607016414,1,1,23.0535,120.515612261099,5.22764926198189,500,3.59219381343208,7.36055447398042,0.999999517937295,-0.0848397294185173
87309,49.05,36,38.8,0.47,1,0.982591731145506,1,1,23.0535,119.537685910025,5.18522939727263,500,3.59453498946269,7.31757850094215,0.999999516413759,-0.0822438948897162
87320,49.05,36.5,38.8,0.47,1,0.980832452193171,1,1,23.0535,118.589681094604,5.14410744982777,500,3.59664996188645,7.27564975709455,0.999999514594295,-0.0796955647781328
87331,49.05,37,38.8,0.47,1,0.979269953290597,1,1,23.0535,117.671050243298,5.1042596674387,500,3.59853637439844,7.23474735145237,0.999999512514582,-0.0772909654196958
87342,49.05,37.5,38.8,0.47,1,0.978031484456629,1,1,23.0535,116.780136607647,5.06561418472886,500,3.60019202697503,7.19485076008834,0.999999510168709,-0.0750753829401436
87353,49.05,38,38.8,0.47,1,0.977216533720122,1,1,23.0535,115.914761437341,5.02807649325878,500,3.601615013168,7.15593867790119,0.999999507500716,-0.0730361709646825
87364,49.05,38.5,38.8,0.47,1,0.97688376642901,1,1,23.0535,115.072891753674,4.99155840777644,500,3.60280392178084,7.11798785329678,0.999999504398102,-0.0711307562480545
87375,49.05,39,38.8,0.47,1,0.977048330286233,1,1,23.0535,114.252985309092,4.95599302965242,500,3.60375812065494,7.0809721526779,0.999999500688224,-0.0693154360993411
87386,49.05,39.5,38.8,0.47,1,0.977687897040243,1,1,23.0535,113.454003606034,4.92133531160274,500,3.60447814190235,7.04486208594887,0.999999496138705,-0.0675584787730941
87397,49.05,40,38.8,0.47,1,0.978752031787628,1,1,23.0535,112.675273910836,4.8875560722162,500,3.60496618771684,7.00962494715988,0.999999490462993,-0.0658409938318609
87408,49.05,40.5,38.8,0.47,1,0.98016977802959,1,1,23.0535,111.916341235185,4.85463557530027,500,3.60522677236254,6.97522560288493,0.999999483331991,-0.0641533112282762
87419,49.05,41,38.8,0.47,1,0.981854191334638,1,1,23.0535,111.176862054984,4.82255891968613,500,3.60526750694159,6.94162782741681,0.999999474391977,-0.0624912538641702
87430,49.05,41.5,38.8,0.47,1,0.983706536799479,1,1,23.0535,110.456540994505,4.79131329275404,500,3.60510001633591,6.90879597419172,0.99999946328786,-0.0608535574202858
87441,49.05,42,38.8,0.47,1,0.98562356508225,1,1,23.0535,109.755097251511,4.7608865140439,500,3.60474094923044,6.87669671318644,0.999999449689308,-0.0592403597590199
87452,49.05,42.5,38.8,0.47,1,0.987508340896507,1,1,23.0535,109.072248434659,4.73126633416439,500,3.60421299974428,6.84530056324346,0.999999433315643,-0.0576523957878479
87463,49.05,43,38.8,0.47,1,0.989281473817033,1,1,23.0535,108.407703681511,4.70244013627047,500,3.60354580235837,6.81458299840794,0.99999941395443,-0.0560905951365669
87474,49.05,43.5,38.8,0.47,1,0.990888540410225,1,1,23.0535,107.761161414021,4.67439483870218,500,3.60277649465086,6.78452499025894,0.999999391468747,-0.0545558924446894
87485,49.05,44,38.8,0.47,1,0.99230148605452,1,1,23.0535,107.132309280784,4.64711689247984,500,3.60194967719421,6.75511294423876,0.999999365789939,-0.0530491442032908
87496,49.05,44.5,38.8,0.47,1,0.99351476372953,1,1,23.0535,106.520825057839,4.62059232037819,500,3.60111646095633,6.72633808279745,0.999999336895706,-0.0515710967574368
87507,49.05,45,38.8,0.47,1,0.994538734314568,1,1,23.0535,105.92637791829,4.59480677199948,500,3.60033231658174,6.69819541584996,0.999999304776917,NaN
148667,49.05,20,38.8,0.52,1,1.97568453869393e-06,0,0,NaN,NaN,NaN,NaN,NaN,NaN,0.99999599932289,NaN
148678,49.05,20.5,38.8,0.52,1,2.25546273811144e-06,0,0,NaN,NaN,NaN,NaN,NaN,NaN,0.999996897144836,NaN
148689,49.05,21,38.8,0.52,1,2.61854038690215e-06,0,0,NaN,NaN,NaN,NaN,NaN,NaN,0.999997548830559,NaN
148700,49.05,21.5,38.8,0.52,1,3.1032779283305e-06,0,0,NaN,NaN,NaN,NaN,NaN,NaN,0.999998015760122,NaN
148711,49.05,22,38.8,0.52,1,3.77116537368892e-06,0,0,NaN,NaN,NaN,NaN,NaN,NaN,0.999998350517629,NaN
148722,49.05,22.5,38.8,0.52,1,4.72506174441533e-06,0,0,NaN,NaN,NaN,NaN,NaN,NaN,0.999998593337239,NaN
148733,49.05,23,38.8,0.52,1,6.1458477007929e-06,0,0,NaN,NaN,NaN,NaN,NaN,NaN,0.999998772890181,NaN
148744,49.05,23.5,38.8,0.52,1,8.37106561780689e-06,0,0,NaN,NaN,NaN,NaN,NaN,NaN,0.999998908747801,NaN
148755,49.05,24,38.8,0.52,1,1.20772520580163e-05,0,0,NaN,NaN,NaN,NaN,NaN,NaN,0.999999013950196,NaN
148766,49.05,24.5,38.8,0.52,1,1.87436061099449e-05,0,0,NaN,NaN,NaN,NaN,NaN,NaN,0.999999097085949,NaN
148777,49.05,25,38.8,0.52,1,3.19689284983314e-05,0,0,NaN,NaN,NaN,NaN,NaN,NaN,0.999999163799505,NaN
148788,49.05,25.5,38.8,0.52,1,6.17424137236155e-05,0,0,NaN,NaN,NaN,NaN,NaN,NaN,0.99999921782495,NaN
148799,49.05,26,38.8,0.52,1,0.000140672862011547,0,0,NaN,NaN,NaN,NaN,NaN,NaN,0.999999261674547,NaN
148810,49.05,26.5,38.8,0.52,1,0.000398299075260724,0,0,NaN,NaN,NaN,NaN,NaN,NaN,0.999999297089223,NaN
148821,49.05,27,38.8,0.52,1,0.00148032455304034,0,0,NaN,NaN,NaN,NaN,NaN,NaN,0.999999325328977,NaN
148832,49.05,27.5,38.8,0.52,1,0.00744739156420743,0,0,NaN,NaN,NaN,NaN,NaN,NaN,0.999999347356915,NaN
148843,49.05,28,38.8,0.52,1,0.0479243479878308,0,0,NaN,NaN,NaN,NaN,NaN,NaN,0.999999363953191,NaN
148854,49.05,28.5,38.8,0.52,1,0.284384617411256,0,0,NaN,NaN,NaN,NaN,NaN,NaN,0.999999375783314,NaN
148865,49.05,29,38.8,0.52,1,0.752776066081507,0,0,NaN,NaN,NaN,NaN,NaN,NaN,0.999999383437095,NaN
148876,49.05,29.5,38.8,0.52,1,0.949393529658087,1,1,25.506,126.540479956554,4.96120442078544,500,4.26214021675713,8.19550127788394,0.999999387448949,-0.0965501468046543
148887,49.05,30,38.8,0.52,1,0.988152904852494,1,1,25.506,125.309175934354,4.91292934738312,500,4.26373659649513,8.13860847480261,0.999999388306267,-0.0930458706529755
148898,49.05,30.5,38.8,0.52,1,0.996223945355635,1,1,25.506,124.122561945916,4.86640641205663,500,4.26500381881188,8.08337695800801,0.999999386449889,-0.0896856165062108
148909,49.05,31,38.8,0.52,1,0.99839294676552,1,1,25.506,122.978801278613,4.82156360380352,500,4.26593910371081,8.02975737123122,0.999999382268816,-0.0864709909722734
148920,49.05,31.5,38.8,0.52,1,0.999140435584586,1,1,25.506,121.876036730743,4.77832810831739,500,4.26653972157173,7.97769906483353,0.999999376090198,-0.0834003604788247
148931,49.05,32,38.8,0.52,1,0.999455888388528,1,1,25.506,120.812431933557,4.73662792807797,500,4.26680323122906,7.92715028188713,0.99999936816487,-0.0804697408601829
148942,49.05,32.5,38.8,0.52,1,0.999611470455073,1,1,25.506,119.786201328367,4.69639305764788,500,4.26672778032035,7.87805809310936,0.999999358648401,-0.077673399991653
148953,49.05,33,38.8,0.52,1,0.999697623118673,1,1,25.506,118.795632458273,4.65755635765206,500,4.26631244673274,7.83036806537138,0.999999347577541,-0.0750043847220301
148964,49.05,33.5,38.8,0.52,1,0.999749275267866,1,1,25.506,117.839101539913,4.62005416529104,500,4.26555758075523,7.78402377440874,0.999999334842192,-0.0724550086295324
148975,49.05,34,38.8,0.52,1,0.999781537609825,1,1,25.506,116.915082814861,4.58382666097627,500,4.26446508968384,7.73896647939802,0.999999320153611,-0.0700172831851997
148986,49.05,34.5,38.8,0.52,1,0.999801513158657,1,1,25.506,116.0221524024,4.54881801938367,500,4.26303860036982,7.69513554549099,0.999999303010588,-0.0676832720625065
148997,49.05,35,38.8,0.52,1,0.99981275020719,1,1,25.506,115.158987633787,4.51497638335242,500,4.26128345549856,7.65247044333734,0.999999282666923,-0.065445359883098
149008,49.05,35.5,38.8,0.52,1,0.999817093044359,1,1,25.506,114.324362959198,4.48225370341087,500,4.25920656094156,7.61091515856333,0.999999258105809,-0.0632964380803802
149019,49.05,36,38.8,0.52,1,0.999815492515261,1,1,25.506,113.517143484359,4.45060548437068,500,4.25681620679886,7.57042523236124,0.999999228029667,-0.0612300178687697
149030,49.05,36.5,38.8,0.52,1,0.999808358890537,1,1,25.506,112.736277066478,4.4199904754363,500,4.25412210605942,7.53097603026634,0.999999190877448,-0.0592402836322687
149041,49.05,37,38.8,0.52,1,0.999795699471223,1,1,25.506,111.980785729316,4.39037033362016,500,4.25113596051339,7.49256834839331,0.999999144884349,-0.0573221005748366
149052,49.05,37.5,38.8,0.52,1,0.999777148612304,1,1,25.506,111.249756980685,4.36170928333275,500,4.24787276934988,7.45522569335109,0.999999088199053,-0.055470989372763
149063,49.05,38,38.8,0.52,1,0.999751938423769,1,1,25.506,110.542335453214,4.33397378864636,500,4.2443527630554,7.41897948380843,0.999999019067109,-0.0536830786958475
149074,49.05,38.5,38.8,0.52,1,0.999718830383714,1,1,25.506,109.857715150606,4.30713224929844,500,4.24060332006051,7.38384554485206,0.999998936071846,-0.0519550443661796
149085,49.05,39,38.8,0.52,1,0.999676013929526,1,1,25.506,109.195132469804,4.28115472711535,500,4.23665975319768,7.34980346469616,0.999998838396342,-0.0502840419116186
149096,49.05,39.5,38.8,0.52,1,0.999620970336308,1,1,25.506,108.553860083305,4.25601270615954,500,4.23256382675311,7.31679123232654,0.999998726041027,-0.0486676374982888
149107,49.05,40,38.8,0.52,1,0.999550295777338,1,1,25.506,107.93320170229,4.2316788874104,500,4.22835956101494,7.2847180574569,0.999998599921102,-0.0471037407471773
149118,49.05,40.5,38.8,0.52,1,0.999459474884758,1,1,25.506,107.332487696541,4.20812701703681,500,4.22408714494855,7.25348658036654,0.999998461793673,-0.0455905417569653
149129,49.05,41,38.8,0.52,1,0.999342594669471,1,1,25.506,106.751071517514,4.18533174615833,500,4.2197769411481,7.22301218095029,0.999998314023306,-0.0441264537386079
149140,49.05,41.5,38.8,0.52,1,0.999191988781224,1,1,25.506,106.188326852986,4.16326851928902,500,4.2154458356414,7.19323255345037,0.999998159257012,-0.042710061981774
149151,49.05,42,38.8,0.52,1,0.998997805606742,1,1,25.506,105.643645432532,4.14191348829813,500,4.21109727398103,7.16410800143723,0.99999800010916,-0.0413400793748853
149162,49.05,42.5,38.8,0.52,1,0.998747503099288,1,1,25.506,105.116435400264,4.12124344861069,500,4.20672475998572,7.13561653500449,0.999997838939229,-0.040015308353901
149173,49.05,43,38.8,0.52,1,0.998425290614516,1,1,25.506,104.606120172827,4.10123579443374,500,4.20231731945132,7.10774765816006,0.999997677756993,-0.0387346089239315
149184,49.05,43.5,38.8,0.52,1,0.998011564264636,1,1,25.506,104.11213770522,4.08186848997178,500,4.19786508239744,7.08049702061477,0.999997518240366,-0.0374968722556819
149195,49.05,44,38.8,0.52,1,0.997482416255947,1,1,25.506,103.633940093343,4.06312005384393,500,4.19336365634618,7.05386259850437,0.999997361821388,-0.0363009992824157
149206,49.05,44.5,38.8,0.52,1,0.996809336153216,1,1,25.506,103.170993449495,4.04496955420273,500,4.18881682416001,7.02784226332889,0.99999720978962,-0.0351458836931027
149217,49.05,45,38.8,0.52,1,0.995959254606905,1,1,25.506,102.722777994757,4.02739661235618,500,4.18423778832328,7.00243234489732,0.999997063372587,NaN
210377,49.05,20,38.8,0.57,1,2.41471576037935e-08,0,0,NaN,NaN,NaN,NaN,NaN,NaN,0.999995916481993,NaN
210388,49.05,20.5,38.8,0.57,1,2.5707738995354e-08,0,0,NaN,NaN,NaN,NaN,NaN,NaN,0.999996413643695,NaN
210399,49.05,21,38.8,0.57,1,2.77811151275867e-08,0,0,NaN,NaN,NaN,NaN,NaN,NaN,0.999996836833621,NaN
210410,49.05,21.5,38.8,0.57,1,3.05918211636952e-08,0,0,NaN,NaN,NaN,NaN,NaN,NaN,0.999997199606319,NaN
210421,49.05,22,38.8,0.57,1,3.45063887051681e-08,0,0,NaN,NaN,NaN,NaN,NaN,NaN,0.99999751242116,NaN
210432,49.05,22.5,38.8,0.57,1,4.01506680348968e-08,0,0,NaN,NaN,NaN,NaN,NaN,NaN,0.999997783223502,NaN
210443,49.05,23,38.8,0.57,1,4.86489438987579e-08,0,0,NaN,NaN,NaN,NaN,NaN,NaN,0.999998018107119,NaN
210454,49.05,23.5,38.8,0.57,1,6.21419351698195e-08,0,0,NaN,NaN,NaN,NaN,NaN,NaN,0.999998221904261,NaN
210465,49.05,24,38.8,0.57,1,8.4988452649827e-08,0,0,NaN,NaN,NaN,NaN,NaN,NaN,0.999998398630536,NaN
210476,49.05,24.5,38.8,0.57,1,1.26770124639937e-07,0,0,NaN,NaN,NaN,NaN,NaN,NaN,0.999998551771997,NaN
210487,49.05,25,38.8,0.57,1,2.1042828157893e-07,0,0,NaN,NaN,NaN,NaN,NaN,NaN,0.999998684439439,NaN
210498,49.05,25.5,38.8,0.57,1,3.96157142961353e-07,0,0,NaN,NaN,NaN,NaN,NaN,NaN,0.999998799431085,NaN
210509,49.05,26,38.8,0.57,1,8.57085242287252e-07,0,0,NaN,NaN,NaN,NaN,NaN,NaN,0.999998899244583,NaN
210520,49.05,26.5,38.8,0.57,1,2.13378985484898e-06,0,0,NaN,NaN,NaN,NaN,NaN,NaN,0.999998986069609,NaN
210531,49.05,27,38.8,0.57,1,6.01490520456009e-06,0,0,NaN,NaN,NaN,NaN,NaN,NaN,0.999999061780244,NaN
210542,49.05,27.5,38.8,0.57,1,1.8514408175013e-05,0,0,NaN,NaN,NaN,NaN,NaN,NaN,0.999999127935908,NaN
210553,49.05,28,38.8,0.57,1,5.89970473441932e-05,0,0,NaN,NaN,NaN,NaN,NaN,NaN,0.999999185792634,NaN
210564,49.05,28.5,38.8,0.57,1,0.000183018678954375,0,0,NaN,NaN,NaN,NaN,NaN,NaN,0.999999236322772,NaN
210575,49.05,29,38.8,0.57,1,0.000521828933342277,0,0,NaN,NaN,NaN,NaN,NaN,NaN,0.999999280239685,NaN
210586,49.05,29.5,38.8,0.57,1,0.00130993586969099,0,0,NaN,NaN,NaN,NaN,NaN,NaN,0.999999318023732,NaN
210597,49.05,30,38.8,0.57,1,0.00282887118541939,0,0,NaN,NaN,NaN,NaN,NaN,NaN,0.999999349945989,NaN
210608,49.05,30.5,38.8,0.57,1,0.0052355442683097,0,0,NaN,NaN,NaN,NaN,NaN,NaN,0.999999376086456,NaN
210619,49.05,31,38.8,0.57,1,0.00839410953926596,0,0,NaN,NaN,NaN,NaN,NaN,NaN,0.999999396343904,NaN
210630,49.05,31.5,38.8,0.57,1,0.0118823102087531,0,0,NaN,NaN,NaN,NaN,NaN,NaN,0.999999410435166,NaN
210641,49.05,32,38.8,0.57,1,0.0151713636125877,0,0,NaN,NaN,NaN,NaN,NaN,NaN,0.999999417883072,NaN
210652,49.05,32.5,38.8,0.57,1,0.0178195615147037,0,0,NaN,NaN,NaN,NaN,NaN,NaN,0.999999417994862,NaN
210663,49.05,33,38.8,0.57,1,0.0195655210751113,0,0,NaN,NaN,NaN,NaN,NaN,NaN,0.999999409837228,NaN
210674,49.05,33.5,38.8,0.57,1,0.0203314284438852,0,0,NaN,NaN,NaN,NaN,NaN,NaN,0.999999392220639,NaN
210685,49.05,34,38.8,0.57,1,0.0201926661103236,0,0,NaN,NaN,NaN,NaN,NaN,NaN,0.999999363713557,NaN
210696,49.05,34.5,38.8,0.57,1,0.019341777116009,0,0,NaN,NaN,NaN,NaN,NaN,NaN,0.999999322714148,NaN
210707,49.05,35,38.8,0.57,1,0.0180430633948962,0,0,NaN,NaN,NaN,NaN,NaN,NaN,0.999999267607484,NaN
210718,49.05,35.5,38.8,0.57,1,0.0165748721530248,0,0,NaN,NaN,NaN,NaN,NaN,NaN,0.999999197021396,NaN
210729,49.05,36,38.8,0.57,1,0.0151750970344774,0,0,NaN,NaN,NaN,NaN,NaN,NaN,0.999999110158075,NaN
210740,49.05,36.5,38.8,0.57,1,0.0140110442595416,0,0,NaN,NaN,NaN,NaN,NaN,NaN,0.999999007127651,NaN
210751,49.05,37,38.8,0.57,1,0.013180170368577,0,0,NaN,NaN,NaN,NaN,NaN,NaN,0.999998889171001,NaN
210762,49.05,37.5,38.8,0.57,1,0.0127312007720901,0,0,NaN,NaN,NaN,NaN,NaN,NaN,0.999998758667763,NaN
210773,49.05,38,38.8,0.57,1,0.012690644508913,0,0,NaN,NaN,NaN,NaN,NaN,NaN,0.999998618894702,NaN
210784,49.05,38.5,38.8,0.57,1,0.0130855007187196,0,0,NaN,NaN,NaN,NaN,NaN,NaN,0.999998473596788,NaN
210795,49.05,39,38.8,0.57,1,0.0139601115963476,0,0,NaN,NaN,NaN,NaN,NaN,NaN,0.999998326500699,NaN
210806,49.05,39.5,38.8,0.57,1,0.0153890057629648,0,0,NaN,NaN,NaN,NaN,NaN,NaN,0.999998180902054,NaN
210817,49.05,40,38.8,0.57,1,0.0174883140521279,0,0,NaN,NaN,NaN,NaN,NaN,NaN,0.999998039405246,NaN
210828,49.05,40.5,38.8,0.57,1,0.0204273388885956,0,0,NaN,NaN,NaN,NaN,NaN,NaN,0.999997903828144,NaN
210839,49.05,41,38.8,0.57,1,0.0244399061779562,0,0,NaN,NaN,NaN,NaN,NaN,NaN,0.999997775236793,NaN
210850,49.05,41.5,38.8,0.57,1,0.029832321125352,0,0,NaN,NaN,NaN,NaN,NaN,NaN,0.999997654057775,NaN
210861,49.05,42,38.8,0.57,1,0.0369811850274893,0,0,NaN,NaN,NaN,NaN,NaN,NaN,0.99999754022071,NaN
210872,49.05,42.5,38.8,0.57,1,0.0463110522744693,0,0,NaN,NaN,NaN,NaN,NaN,NaN,0.999997433297948,NaN
210883,49.05,43,38.8,0.57,1,0.0582417205165586,0,0,NaN,NaN,NaN,NaN,NaN,NaN,0.99999733262358,NaN
210894,49.05,43.5,38.8,0.57,1,0.0731019685929809,0,0,NaN,NaN,NaN,NaN,NaN,NaN,0.999997237385062,NaN
210905,49.05,44,38.8,0.57,1,0.0910228684724265,0,0,NaN,NaN,NaN,NaN,NaN,NaN,0.999997146687442,NaN
210916,49.05,44.5,38.8,0.57,1,0.111843917660234,0,0,NaN,NaN,NaN,NaN,NaN,NaN,0.99999705959318,NaN
210927,49.05,45,38.8,0.57,1,0.135074663176909,0,0,NaN,NaN,NaN,NaN,NaN,NaN,0.999996975141228,NaN
