Qf_train_m3h,T_RO_in_C,Cf_kg_m3,candidate_count,feasible_count,best_R_target_min_SEC,best_Qp_train_m3h,best_W_RO_train_kW,best_SEC_kWh_m3,best_Cp_mg_L,best_P1_opt_gauge_MPa,best_P2_opt_gauge_MPa,best_P_feasible,dSEC_dT_forward_kWh_m3K,dW_dT_forward_kW_K,dQp_dT_forward_m3h_K
49.05,20,38.8,35,0,NaN,NaN,NaN,NaN,NaN,NaN,NaN,NaN,NaN,NaN,NaN
49.05,20.5,38.8,35,0,NaN,NaN,NaN,NaN,NaN,NaN,NaN,NaN,NaN,NaN,NaN
49.05,21,38.8,35,0,NaN,NaN,NaN,NaN,NaN,NaN,NaN,NaN,NaN,NaN,NaN
49.05,21.5,38.8,35,0,NaN,NaN,NaN,NaN,NaN,NaN,NaN,NaN,NaN,NaN,NaN
49.05,22,38.8,35,0,NaN,NaN,NaN,NaN,NaN,NaN,NaN,NaN,NaN,NaN,NaN
49.05,22.5,38.8,35,0,NaN,NaN,NaN,NaN,NaN,NaN,NaN,NaN,NaN,NaN,NaN
49.05,23,38.8,35,0,NaN,NaN,NaN,NaN,NaN,NaN,NaN,NaN,NaN,NaN,NaN
49.05,23.5,38.8,35,0,NaN,NaN,NaN,NaN,NaN,NaN,NaN,NaN,NaN,NaN,NaN
49.05,24,38.8,35,0,NaN,NaN,NaN,NaN,NaN,NaN,NaN,NaN,NaN,NaN,NaN
49.05,24.5,38.8,35,0,NaN,NaN,NaN,NaN,NaN,NaN,NaN,NaN,NaN,NaN,NaN
49.05,25,38.8,35,0,NaN,NaN,NaN,NaN,NaN,NaN,NaN,NaN,NaN,NaN,NaN
49.05,25.5,38.8,35,0,NaN,NaN,NaN,NaN,NaN,NaN,NaN,NaN,NaN,NaN,NaN
49.05,26,38.8,35,0,NaN,NaN,NaN,NaN,NaN,NaN,NaN,NaN,NaN,NaN,NaN
49.05,26.5,38.8,35,0,NaN,NaN,NaN,NaN,NaN,NaN,NaN,NaN,NaN,NaN,NaN
49.05,27,38.8,35,4,0.495,24.27975,137.191998113275,5.65046996419958,500,3.88957118767665,8.38365566834565,0.851013183705327,-0.313897527719375,-4.92678134987779,0.490499999999997
49.05,27.5,38.8,35,6,0.5,24.525,134.728607438336,5.49352120033989,500,3.96897373267171,8.33944767110292,0.920475176296593,-0.296350273433568,-4.64609821175117,0.490499999999997
49.05,28,38.8,35,8,0.505,24.77025,132.40555833246,5.3453460636231,500,4.04631011145516,8.29780956154343,0.946498947282985,-0.276824523685059,-4.30301162803642,0.490500000000004
49.05,28.5,38.8,35,9,0.51,25.0155,130.254052518442,5.20693380178057,500,4.1211333342388,8.25948585784526,0.95507407043239,-0.256061818024074,-3.91431253987827,0.490499999999997
49.05,29,38.8,35,10,0.515,25.26075,128.296896248503,5.07890289276854,500,4.19313675729311,8.22518091834511,0.955062733655094,-0.235396943966188,-3.51283258389861,0.490500000000004
49.05,29.5,38.8,35,11,0.52,25.506,126.540479956554,4.96120442078544,500,4.26214021675713,8.19550127788394,0.949393529658087,-0.216065598113111,-3.13048846501505,0.49049999999999
49.05,30,38.8,35,13,0.525,25.75125,124.975235724046,4.85317162172889,500,4.32810309639183,8.17090450964077,0.939020225905807,-0.198121542180514,-2.76998599083768,0.490500000000011
49.05,30.5,38.8,35,14,0.53,25.9965,123.590242728627,4.75411085063863,500,4.39116203125587,8.15161774138409,0.923514957972964,-0.18130422179447,-2.42584869003684,0.49049999999999
49.05,31,38.8,35,15,0.535,26.24175,122.377318383609,4.6634587397414,500,4.45162736621979,8.13743514514364,0.89915223061696,-0.165488214627233,-2.09585982898838,0.490499999999997
49.05,31.5,38.8,35,16,0.54,26.487,121.329388469115,4.58071463242778,500,4.50976697440091,8.1275480585027,0.854389320360527,-0.0762288587402296,-2.01907378145245,0
49.05,32,38.8,35,16,0.54,26.487,120.319851578388,4.54260020305766,500,4.50881173582446,8.07754337806508,0.931260075957103,-0.146329012296256,-1.68355833935681,0.490499999999997
49.05,32.5,38.8,35,17,0.545,26.73225,119.47807240871,4.46943569690954,500,4.56341070914696,8.07320397455987,0.85794011274579,-0.0692617034303176,-1.85152117152509,0
49.05,33,38.8,35,17,0.545,26.73225,118.552311822947,4.43480484519438,500,4.56105813593297,8.02615637431508,0.908081484249802,-0.066720260617835,-1.78358268690116,0
49.05,33.5,38.8,35,17,0.545,26.73225,117.660520479497,4.40144471488546,500,4.55824652033154,7.98052053756269,0.935602255552484,-0.0643015281795076,-1.7189245266766,0
49.05,34,38.8,35,17,0.545,26.73225,116.801058216158,4.36929395079571,500,4.55500517115678,7.93624990727421,0.951758567416008,-0.121568841837984,-1.13648474781891,0.490500000000004
49.05,34.5,38.8,35,18,0.55,26.9775,116.232815842249,4.30850952987671,500,4.60267095666015,7.94132322283452,0.825934117189816,-0.0585692736995238,-1.58005258122893,0
49.05,35,38.8,35,18,0.55,26.9775,115.442789551635,4.27922489302695,500,4.59835198993437,7.89966521986544,0.846160106604665,-0.0565038476953337,-1.52433255120087,0
49.05,35.5,38.8,35,18,0.55,26.9775,114.680623276034,4.25097296917929,500,4.59388427242883,7.85924853328279,0.860504935471388,-0.0545326592760933,-1.47115481562079,0
49.05,36,38.8,35,18,0.55,26.9775,113.945045868224,4.22370663954124,500,4.58930147799882,7.82004457457246,0.871178324813143,-0.0526486104322181,-1.42032788793517,0
49.05,36.5,38.8,35,18,0.55,26.9775,113.234881924256,4.19738233432513,500,4.58461786769397,7.78202097441582,0.87951231986062,-0.0508451209409344,-1.37167425018404,0
49.05,37,38.8,35,18,0.55,26.9775,112.549044799164,4.17195977385466,500,4.57983125473319,7.74514154023337,0.886292780751061,-0.0491161945778398,-1.32503213922368,0
49.05,37.5,38.8,35,18,0.55,26.9775,111.886528729552,4.14740167656574,500,4.57492756129171,7.70936679523709,0.891987237285771,-0.0474564347071453,-1.28025596731203,0
49.05,38,38.8,35,18,0.55,26.9775,111.246400745896,4.12367345921217,500,4.5698855684171,7.67465473827091,0.896889853457079,-0.0458610249611002,-1.23721580088807,0
49.05,38.5,38.8,35,18,0.55,26.9775,110.627792845452,4.10074294673162,500,4.56468105981588,7.64096159015768,0.901196140230618,-0.0443256872687154,-1.19579622829175,0
49.05,39,38.8,35,18,0.55,26.9775,110.029894731306,4.07858010309726,500,4.55929011774632,7.60824240106322,0.905029589538903,-0.0428466265319365,-1.15589486726532,0
49.05,39.5,38.8,35,18,0.55,26.9775,109.451947297674,4.05715678983129,500,4.55369166733448,7.57645146846301,0.908448145799883,-0.041420468796499,-1.11742069695754,0
49.05,40,38.8,35,18,0.55,26.9775,108.893236949195,4.03644655543304,500,4.54786948718845,7.54554256035854,0.911451500743203,-0.0400441977934189,-1.08029234597197,0
49.05,40.5,38.8,35,18,0.55,26.9775,108.353090776209,4.01642445653633,500,4.54181388713207,7.51546896206167,0.91399644023289,-0.038715093184555,-1.04443642638634,0
49.05,41,38.8,35,18,0.55,26.9775,107.830872563016,3.99706690994406,500,4.53552317382184,7.48618337515365,0.916016746329522,-0.0374306726658222,-1.00978597184223,0
49.05,41.5,38.8,35,18,0.55,26.9775,107.325979577095,3.97835157361115,500,4.52900492885829,7.45763770019914,0.917440981266627,-0.0361886392034458,-0.976279014110958,0
49.05,42,38.8,35,18,0.55,26.9775,106.837840070039,3.96025725400942,500,4.52227703430705,7.42978273472186,0.918203871761795,-0.0349868340430426,-0.943857315396173,0
49.05,42.5,38.8,35,18,0.55,26.9775,106.365911412341,3.9427638369879,500,4.51536830786336,7.40256781772498,0.918250752375516,-0.0338231956881803,-0.91246526167788,0
49.05,43,38.8,35,19,0.55,26.9775,105.909678781502,3.92585223914381,500,4.50831856202053,7.37594045356069,0.917536923711919,-0.0326957247523687,-0.882048914507038,0
49.05,43.5,38.8,35,19,0.55,26.9775,105.468654324249,3.90950437676763,500,4.50117788734802,7.34984595232884,0.916024393922915,-0.0316024544114413,-0.852555213884642,0
49.05,44,38.8,35,19,0.55,26.9775,105.042376717306,3.89370314956191,500,4.49400498860012,7.32422713159539,0.913678010602905,-0.0305414260955414,-0.823931322492484,0
49.05,44.5,38.8,35,19,0.55,26.9775,104.63041105606,3.87843243651414,500,4.48686448022011,7.29902413462809,0.910462232127901,-0.0295106700393282,-0.796124100985963,0
49.05,45,38.8,35,19,0.55,26.9775,104.232349005567,3.86367710149447,500,4.47982317375666,7.27417443207933,0.906339159764127,NaN,NaN,NaN
