DOE_ID,DOE_Type,Qf_train_m3h,T_RO_in_C,Cf_kg_m3,R_target,Qp_train_m3h,Recovery_actual,Recovery_error,Cp_mg_L,W_RO_train_kW,SEC_kWh_m3,P1_opt_gauge_MPa,P2_opt_gauge_MPa,Javg_LMH,Jfirst_stage1_LMH,Jfirst_stage2_LMH,Jmax_local_stage1_LMH,Jmax_local_stage2_LMH,CPFmax_stage1,CPFmax_stage2,dP_stage1_MPa,dP_stage2_MPa,Cb_max_kg_m3,Qf_PV_stage1_m3h,Qf_PV_stage2_m3h,Qb_PV_stage1_m3h,Qb_PV_stage2_m3h,Qhpp_m3h,PXout_gauge_MPa,PX_excess_pressure_MPa,PX_booster_deltaP_MPa,PX_leakage_pct,PX_mix_pct,PX_iterations,PhysicalFeasible,RecoveryTargetMet,DatasetValid,FeasibilityMarginScaled,MaxConstraintViolationScaled,ExitFlag,FminconIterations,FminconFunctionCount,LocalStartsAttempted,OptimizerMethod,AnalyticScreenPassed,AnalyticRmax,AnalyticJavgTarget_LMH,RootEvalCountCoarse,RootEvalCountFinal,HybridSeedRankUsed,HybridSeedP1_N30_MPa,HybridSeedP2_N30_MPa,HybridN150SeedTrials,Runtime_s,FailureReason,ErrorMessage
1,LowTemperatureChallenge,56.9249423655755,23.0401799579564,38.7431931614459,0.520921522570416,29.6534276493087,0.520921522570415,-9.99200722162641e-16,500.000000000002,102.76012726235,3.46537096748565,6.84277242058044,7.47847089336985,19.4423207771497,30.0702945184875,19.5853699632118,32.0002373325221,21.4918329093108,1.15623921686005,1.12979671231352,0.321433062815078,0.203020912398561,82.74101570902,11.3849884731151,8.99562642170718,7.19650113736574,6.81787867906669,30.0060757990901,7.1922232807165,0.349450860136056,0,1.29310070764425,5.55953117744634,5,1,1,1,-3.5527136788005e-15,3.5527136788005e-15,1,3,12,1,root_seeded_fmincon,1,0.535863520143796,19.4423207771497,24,3,1,6.68297907497625,7.56487120639318,2,30.6262472,,
2,LowTemperatureChallenge,58.2507975958714,26.613570630824,40.7181773997337,0.517384559669221,30.1380632645209,0.517384559669222,1.88737914186277e-15,499.999999999996,112.33536565944,3.72735847932482,6.48816708455229,7.76527386627897,19.7600729507743,29.0178698741618,24.0199149383078,31.0976975591315,26.5437216649633,1.13185065103714,1.13561831448068,0.337401406173454,0.215909091659295,86.330904306104,11.6501595191743,9.63207110435086,7.70565688348069,7.02818358283762,30.5111224424509,7.45834834403281,0.970181259480515,0,1.32701135909792,5.54820871413332,5,1,1,1,7.66053886991358e-15,0,1,3,12,1,root_seeded_fmincon,1,0.523666649367253,19.7600729507742,23,6,1,6.73153703017487,7.52946586905678,2,32.9221686,,
3,LowTemperatureChallenge,53.4479671081323,26.0669485270966,39.5328837913018,0.527499344850539,28.193767633133,0.527499344850539,2.22044604925031e-16,500,120.681365901986,4.28042706006282,5.50525386353696,8.22040272286263,18.4852921801292,20.8115685456687,32.140536709734,22.3261286415542,35.3205193037491,1.10210857698759,1.18362918359615,0.316263067123564,0.200814734698582,85.6220508051067,10.6895934216265,9.7959557940028,7.83676463520224,6.31354986874982,28.5435951160263,7.91562588943696,2.4103720259,0,1.38522499293471,5.52881675057537,5,1,1,1,6.66133814775094e-16,0,1,4,15,1,root_seeded_fmincon,1,0.563878393393276,18.4852921801291,27,6,1,5.90394750619909,7.8505337058201,2,37.2325339,,
4,LowTemperatureChallenge,60.3298293367037,26.6368723013596,39.2120345236924,0.484557370941894,29.2332634927663,0.484557370941894,1.11022302462516e-16,489.950994975419,95.5974089252239,3.27015863107036,6.62186862324177,6.81648315178375,19.1668394261515,31.5415968676048,17.2337520308946,33.7086388496238,18.979420657083,1.13879872142778,1.0944217302484,0.349999999999997,0.235488105210512,77.741029577802,12.0659658673407,9.68024745934319,7.74419796747456,7.77414146098435,29.608638593219,6.51833636295175,0,0.103532260290017,1.20712718676577,5.58832354500831,5,1,1,1,8.56457761853692e-15,0,1,3,12,1,root_seeded_fmincon,1,0.505620525291987,19.1668394261515,39,3,1,6.69489796026091,6.71380950288035,3,33.2569445,,
5,LowTemperatureChallenge,52.2926450057671,26.7323271164949,38.5368667491179,0.495929630695276,25.9334721257894,0.495929630695279,2.99760216648792e-15,499.999999999997,114.095658277554,4.39955196605133,4.92651572316075,7.74859726326542,17.0033255479868,16.9168490654379,32.4879105898737,18.1807692538141,35.4690980305455,1.08205759998286,1.17318387986734,0.3179931901577,0.213528309852209,78.1271082470969,10.4585290011534,10.1777251670255,8.14218013362041,6.58979321999443,26.2827948334549,7.44445455068992,2.51793882752917,0,1.32524153643256,5.5487991642747,5,1,1,1,5.77315972805081e-15,0,1,3,12,1,root_seeded_fmincon,1,0.57500707542885,17.0033255479867,42,17,2,5.05691017808371,7.59202786582697,3,48.2705705,,
6,LowTemperatureChallenge,57.9393250817263,23.3496940905476,39.7966878813505,0.520220684768212,30.1412353690238,0.520220684768214,1.88737914186277e-15,499.999999999997,109.429041045596,3.63054266707517,6.83179282307312,7.74497311614692,19.7621527465407,29.6257654357401,21.4796367462979,31.5553157895093,23.5695770123029,1.14993739394875,1.13709203032745,0.335579679440976,0.212820403254534,84.8739167062805,11.5878650163453,9.33283198777132,7.46626559021706,6.94952242817563,30.5095268406278,7.44162038204821,0.609827558975089,0,1.32488050585608,5.54891961814612,5,1,1,1,5.6621374255883e-15,0,1,3,12,1,root_seeded_fmincon,1,0.526481797241728,19.7621527465406,19,3,1,6.70866936818934,7.79683715744698,1,30.5123641,,
7,LowTemperatureChallenge,57.2905033333217,26.198856653847,38.7282304771612,0.466144811776897,26.7056708929148,0.466144811776895,-1.55431223447522e-15,500.000000000002,95.3243817561515,3.56944343912519,5.81884452284709,6.91228763898581,17.5096189961414,24.4494489574432,21.8179418012718,26.1449603279808,23.8386583942528,1.112631398849,1.11653449489292,0.344919113022851,0.240343418263102,74.0567655990619,11.4581006666643,10.0966054107095,8.07728432856758,7.6462081101017,27.0783124219117,6.60652509772818,0.787680574881088,0,1.21838669452547,5.58454569097252,5,1,1,1,-3.5527136788005e-15,3.5527136788005e-15,1,3,12,1,root_seeded_fmincon,1,0.532444266068405,17.5096189961414,40,17,1,5.87457189425471,6.82498502131754,3,47.7062706,,
8,LowTemperatureChallenge,55.6152536414568,21.3509878468457,39.3151691283844,0.540980745673128,30.0867811333624,0.54098074113493,-4.53819792856081e-09,503.792011311546,117.256444845327,3.89727449824484,6.73810015684538,8.3,19.7264497333874,27.2300128931204,24.5016158387355,28.9284407780487,26.8096046200886,1.15179219938851,1.17227950403098,0.321156451364594,0.196814994460539,87.6923375534045,11.1230507282914,9.105379785961,7.2843038287688,6.38211812702359,30.4430499358089,7.99697793319254,1.25887777634716,0,1.39557430368579,5.52537517746994,5,0,1,0,-0.00758402262309144,0.00758402262309144,-2,6,26,1,root_seeded_fmincon,1,0.548482619474411,19.7264498988693,20,14,2,7.49833700621983,7.61616191455987,2,52.7639675,Product_salinity_max,
9,LowTemperatureChallenge,55.7225740075913,25.9512661781405,39.1856340751417,0.490402879526519,27.3265107479522,0.490402879526516,-2.88657986402541e-15,500.000000000004,106.483660540257,3.8967163251253,5.69655434720465,7.47206532491354,17.91667371358,22.7869714884757,26.1253152555869,24.394168299652,28.5809641783354,1.10828832111418,1.14382733274194,0.334314282794718,0.224836376727289,78.5763025226894,11.1445148015183,10.0017560674265,8.00140485394124,7.09901581490977,27.6927083515102,7.16481520193732,1.46826085473267,0,1.28960694378546,5.56069881169022,5,1,1,1,-8.43769498715119e-15,8.43769498715119e-15,1,3,12,1,root_seeded_fmincon,1,0.54742625485758,17.9166737135801,37,9,1,5.89123944998293,7.26407838004672,3,38.5367339,,
10,LowTemperatureChallenge,54.2113498667278,24.3400877100937,38.79945471211,0.552610799117754,29.9577773711046,0.552610799117754,-2.22044604925031e-16,500,115.305618785915,3.84893770180467,6.34130501684346,8.17620397388252,19.6418681950594,27.0137693563269,26.3820502855937,28.8571313817937,29.1464056929061,1.14008256292879,1.17380167999602,0.301171782146779,0.180875838105878,88.835210124806,10.8422699733456,8.90416147155369,7.12332917724296,6.06339312390579,30.2930154945398,7.89202072487103,1.55071570802757,0,1.38222162320915,5.52981583187147,5,1,1,1,-6.66133814775094e-16,6.66133814775094e-16,1,4,15,1,root_seeded_fmincon,1,0.562686597455892,19.6418681950594,19,6,1,6.68452852531635,7.85629598434636,2,34.7581401,,
11,FlowEdgeChallenge,62.4525727103018,44.7865125956637,40.450035786051,0.464057407491993,28.9815789831458,0.46405740749196,-3.21409565628983e-14,482.337550176372,91.4225902969505,3.15450688004671,5.61164853137812,6.25720177568943,19.0018220450733,34.9999999999998,20.7890568136156,38.6848305401694,23.969004824238,1.08877925668132,1.06492104465187,0.333498151324807,0.235319645488374,77.0895933165975,12.4905145420604,10.3956017361116,8.31648138888925,8.36774843178901,29.3624484357401,5.97663466073934,0.364986129361216,0,1.13790900771889,5.61159481419557,5,1,1,1,6.90241514738383e-15,0,1,3,12,1,root_seeded_fmincon,1,0.488434642100312,19.0018220450746,46,12,1,5.15526215545353,6.50232733522654,4,43.1067726,,
12,FlowEdgeChallenge,47.9033938664768,44.0926166980577,39.2060563472701,0.483089536077208,23.1448676281172,0.483157157771116,6.76216939080598e-05,505.624875190864,109.520529680831,4.73195748796514,3.56882768537574,6.93404054453107,15.1749722188023,7.44789872657182,47.9788872967456,8.42955942733821,54.0039793716285,1.02376141380616,1.14681722829621,0.279848731968955,0.18882993154542,77.4950214280734,9.58067877329536,10.8872351703073,8.70978813624582,6.18963155958989,23.4487679098203,6.6775823710744,3.10875468569867,0,1.22745707388762,5.58150389469658,5,0,1,0,-0.0112497503817277,0.0112497503817277,-2,2,31,1,root_seeded_fmincon,1,0.567530096678546,15.1728483605298,65,24,4,3.49155217283452,3.24827652957456,4,176.6511451,Product_salinity_max,
13,FlowEdgeChallenge,61.3341902344943,43.5127385930349,38.619345726818,0.485115300601237,29.7541541327353,0.485115300601157,-7.99915689242425e-14,460.088266338329,92.5896234274427,3.11182173132512,5.54338293586225,6.27323864385237,19.508362269037,34.9999999999995,21.7995687262694,38.5070752115335,25.0501106990435,1.0930868751749,1.07269937738593,0.32159439988459,0.21856406726789,76.6834211961592,12.2668380468989,10.0337372275471,8.02698978203769,7.89500902543978,30.1147882644391,6.00838498384832,0.465002047986069,0,1.14196871258116,5.61022771253269,5,1,1,1,1.5428927976505e-14,0,1,3,12,1,root_seeded_fmincon,1,0.497340877630835,19.5083622690402,49,3,1,5.06553893681672,6.53178208943917,4,23.7207065,,
14,FlowEdgeChallenge,61.1807812907346,36.3422874599842,41.4396046026838,0.495168209052507,30.2947779001662,0.495168209052507,6.10622663543836e-16,496.452490005785,100.4553820323,3.31593063211559,6.29255153103753,6.92678753751332,19.8628231708407,35,20.2073682662602,38.1213609935145,22.922312852726,1.11486590097407,1.08447301687241,0.332573711570973,0.221850817333173,83.9430476367373,12.2361562581469,9.77891481507891,7.82313185206313,7.7215008476421,30.6723503859328,6.63852119642819,0.345969665390653,0,1.2224711659583,5.58317577234888,5,1,1,1,1.01506105108586e-15,0,1,3,12,1,root_seeded_fmincon,1,0.498587944718183,19.8628231708406,46,3,1,5.97572817658801,7.09789402770142,4,21.8500484,,
15,FlowEdgeChallenge,49.4100167115945,41.8158592243306,40.2448094138724,0.547681982264292,26.7794771107551,0.541984781488064,-0.00569720077622837,500.072238400772,118.770842057452,4.43514418023314,4.27471726644322,7.74352778317076,17.5580101696532,14.6470220758109,47.7914584829824,16.3304684354994,54.5274396078466,1.04882183156551,1.1706778688176,0.273175066709062,0.16746455522588,89.9993100477805,9.8820033423189,10.1568736964366,8.12549895714932,5.65763490020984,27.0805349419851,7.48429731661862,3.2095800501754,0,1.33031662761958,5.54710614779985,5,0,0,0,-0.000144476801544835,0.000144476801544835,-2,2,29,1,root_seeded_fmincon,1,0.555923917163437,17.7425753319682,53,14,1,4.35550702298003,7.73457085765035,4,50.953729,Product_salinity_max;Recovery_target_mismatch,
16,FlowEdgeChallenge,62.0774002708713,37.8833978588363,39.6009583327653,0.484642359674059,30.0853377497061,0.484642359674059,-6.10622663543836e-16,471.962484564144,95.0716968524088,3.16006746021449,6.00593408854956,6.51055485872534,19.7255033764137,35,19.538158773838,38.1105880880404,22.1392787565469,1.10788569482893,1.07596551318009,0.338732306220767,0.229716169532609,78.5540298276015,12.4154800541743,9.99363019327092,7.99490415461674,7.99801563029127,30.4596345892684,6.22743277595284,0.22149868740328,0,1.16996782972206,5.60080657707163,5,1,1,1,-1.01506105108586e-15,1.01506105108586e-15,1,3,12,1,root_seeded_fmincon,1,0.491386557215629,19.7255033764137,53,3,1,5.9089244435057,6.53940814623493,4,22.924164,,
17,FlowEdgeChallenge,48.2761353095961,35.1662891630659,38.5407278497997,0.440890955933616,22.4579574295442,0.465197913741866,0.0243069578082505,501.782292181987,120.73129767963,5.37588060082455,3.4391093603553,7.33136009623835,14.7245983671283,5.40029786926186,44.729963304544,6.02071174535151,49.0139158807388,1.0215974549365,1.16881591502033,0.306707981282604,0.216340901686971,73.5529545715385,9.65522706191923,11.2382340003998,8.99058720031982,6.45454447001298,22.7866846365525,7.03643980225986,3.59733044190456,0,1.27323937628546,5.56617166945832,5,0,0,0,-0.00356458436397467,0.00356458436397467,-2,2,37,1,root_seeded_fmincon,1,0.574963934639109,13.9552264918885,48,9,1,3.4391093603553,6.98101144761578,3,50.8046643,Product_salinity_max;Recovery_target_mismatch,
18,FlowEdgeChallenge,49.5160498487957,34.642845388698,39.4179446678499,0.504090877424825,24.960589014891,0.504090877424829,4.55191440096314e-15,499.999999999994,122.116373028821,4.89236744196895,4.0450125057917,7.74370647926379,16.3654530651003,10.6714452168932,43.7933193328076,11.7392668239833,48.4400420159154,1.04280180875243,1.17841157939753,0.300277906973552,0.199249184191489,81.2692598461985,9.90320996975915,10.6912860211817,8.55302881694534,6.13886520847618,25.2862935837236,7.45357881671327,3.40856631092156,0,1.32640381312995,5.54841139834113,5,1,1,1,1.25455201782643e-14,0,1,3,12,1,root_seeded_fmincon,1,0.565162629409498,16.3654530651002,52,12,1,4.30258159919917,7.51561943189074,4,30.8381566,,
19,FlowEdgeChallenge,49.4821518251136,39.4371652995891,38.5491015465487,0.531713771296312,26.3103415587867,0.531713771296289,-2.28705943072782e-14,500.000000000038,104.855090362508,3.9853184774597,4.51522654167689,7.29603085945672,17.2504206391206,18.3385240849897,38.7200287410229,20.2395592943209,43.9977464902392,1.0652060792228,1.15457167681523,0.262869413045226,0.164374221068573,84.2635908758284,9.89643036502272,9.54523941366008,7.63619153092806,5.79295256658172,26.6058514446743,7.05259238482863,2.53736584315174,0,1.27529909183245,5.56548271051531,5,1,1,1,-7.52731210695856e-14,7.52731210695856e-14,1,3,12,1,root_seeded_fmincon,1,0.574870373781578,17.2504206391213,51,3,1,4.25123264220455,7.4068930639755,4,26.9254978,,
20,FlowEdgeChallenge,61.7164520953642,34.0539029691796,40.5246338271904,0.475514732517565,29.3470822100615,0.475514732517586,2.12607709215717e-14,493.71679300154,93.0382685233753,3.17027321003918,6.29938236111335,6.59237897280799,19.2414648636648,33.9914170877745,17.4900229117776,36.8038022124685,19.6383455742334,1.11775869932001,1.07585737469196,0.345241381790705,0.237282797804567,78.9431129742998,12.3432904190728,9.92846789469426,7.94277431575541,8.09234247132568,29.7287691654181,6.29938079622949,0,1.56488385893994e-06,1.17916090646542,5.59771616511298,5,1,1,1,0.0125664139969203,0,0,14,90,1,root_seeded_fmincon,1,0.494260427557716,19.2414648636639,46,9,1,5.94185415302654,6.81901466573663,3,65.4295703,,
21,ScoreBoundaryProbe,51.7185448577092,34.2634100039498,41.3779166612621,0.49341645497477,25.5187810601444,0.493416454974768,-1.66533453693773e-15,500.000000000003,137.858467172901,5.40223558672285,4.03691235847919,8.1322400668774,16.7314326384372,9.00673042875439,47.2703038748247,9.95501881538275,52.0495876218856,1.03518494593565,1.181962800091,0.334109572201303,0.226312772978956,83.4917525949493,10.3437089715418,11.526574881232,9.22125990498558,6.54994094939117,25.8780201167798,7.80504490673662,3.76813254825743,0,1.37115379898463,5.53349888996132,5,1,1,1,-6.21724893790088e-15,6.21724893790088e-15,1,3,12,1,root_seeded_fmincon,1,0.543263500991485,16.7314326384372,47,9,1,4.42170202542595,7.80937515935769,3,18.8455256,,
22,ScoreBoundaryProbe,54.0223852800356,42.071239029299,40.0783792443682,0.437295413775049,23.6237413241483,0.43729541377505,7.21644966006352e-16,499.999999999999,111.115927195609,4.70357026310753,3.91777214869015,6.73771423096628,15.4889465802179,10.7561955654265,41.6563599490538,12.0488980918364,46.3330066511235,1.03270223114443,1.12205552437071,0.338180675486144,0.246583919440398,72.6347801617902,10.8044770560071,11.9146001836413,9.53168014691306,7.59966098897185,23.9873096933348,6.43121889454406,2.51344674585391,0,1.1960019325669,5.59205844543015,5,1,1,1,2.1094237467878e-15,0,1,4,15,1,root_seeded_fmincon,1,0.557783472129964,15.4889465802179,49,9,1,3.55454816655266,6.92206745746605,3,31.8543608,,
23,ScoreBoundaryProbe,53.9762957764167,44.7782630359812,38.6528026417258,0.412674327217322,22.2746315452159,0.412674327217322,0,500,100.443812501776,4.50933665492431,3.72053269064193,6.18525385612229,14.60440043615,10.3205057445143,39.3681111671274,11.6301732690483,43.8695959351746,1.02917016132494,1.10542193366463,0.333666136145762,0.251218206087983,67.0360460259966,10.7952591552833,11.9976879787654,9.59815038301233,7.92541605780019,22.6319199571323,5.89159273414986,2.17106004350793,0,1.12703361347425,5.61525845699808,5,1,1,1,-0,0,1,4,15,1,root_seeded_fmincon,1,0.565136965425623,14.60440043615,49,3,1,3.45128449524668,6.31339180000814,3,24.5790113,,
24,ScoreBoundaryProbe,55.5203840916716,44.8208177174404,39.5493119326371,0.546280232190237,30.3296883128784,0.546280232190036,-2.01061389759616e-13,491.619780608141,101.489694011404,3.34621618806119,5.59577877237863,7.08076526933504,19.8857122429048,35.0000000000003,27.9200935646137,38.9253031109534,32.9585361991875,1.09934673541724,1.10518416500697,0.261330489694811,0.159374995230562,89.3142540884575,11.1040768183343,8.82891678679488,7.0631334294359,6.29767394469832,30.6443876434248,6.84850331936652,1.25272454698789,0,1.24926811593413,5.57419511247316,5,1,1,1,-8.93253724955555e-15,8.93253724955555e-15,1,3,12,1,root_seeded_fmincon,1,0.549419830194867,19.8857122429121,56,3,1,5.11133340533008,7.27234212585936,4,29.0954145,,
25,ScoreBoundaryProbe,54.5892270247901,44.4303744951551,41.4983935290593,0.536153343655713,28.813383914013,0.527821797163902,-0.00833154649181178,500.183566923294,111.392305550442,3.86599178641659,5.05759194573693,7.41506839310958,18.8915446590696,25.0828783168778,38.0671930493883,27.9724365737807,44.1534806449914,1.07234755964573,1.12895261705517,0.286824863698811,0.180289557886608,89.9900027959557,10.917845404958,9.9696135976971,7.97569087815768,6.44396077769429,29.1453936873366,7.15272435204196,2.09513240630504,0,1.2880656198006,5.56121399545663,5,0,0,0,-0.000367133846588485,0.000367133846588485,-2,2,31,1,root_seeded_fmincon,1,0.541917390736767,19.1897433758996,53,12,1,5.20621456821348,7.42558115839675,4,50.7315978,Product_salinity_max;Recovery_target_mismatch,
26,ScoreBoundaryProbe,54.4040663869265,35.3652296560396,40.3572249172699,0.51211473235217,27.8611238966106,0.512114732352172,1.4432899320127e-15,499.999999999998,110.077831026086,3.95094725663515,5.19530267000357,7.4699334972967,18.2671937428604,22.626317639436,32.9204378446929,24.6987861511627,36.9648266995942,1.08338775538561,1.1401159210902,0.305852916304845,0.198568095728635,84.6230857816979,10.8808132773853,9.99085897324127,7.99268717859302,6.63573562257897,28.2042166538383,7.18825624436081,1.99295357435724,0,1.29259503671413,5.55970016263652,5,1,1,1,3.21964677141295e-15,0,1,3,12,1,root_seeded_fmincon,1,0.554667878019331,18.2671937428603,44,3,1,5.14803350197801,7.45684684237177,4,19.0213956,,
27,ScoreBoundaryProbe,54.5414189390427,35.385219047467,39.071052722105,0.443726854776302,24.201492280858,0.443726854776302,5.55111512312578e-16,499.999999999999,104.633200471832,4.32341936842425,4.38695983227339,6.80160540717982,15.8677499874495,15.0913839365277,33.7176342626844,16.5131364349577,37.1381334688676,1.05461362836154,1.12537254806158,0.337555975978789,0.244954308606838,71.6366143683654,10.9082837878085,11.2208864721641,8.97670917773131,7.58498166454617,24.5668194051208,6.49473469937242,2.10777486709904,0,1.20411340600334,5.58933510719735,5,1,1,1,1.33226762955019e-15,0,1,3,12,1,root_seeded_fmincon,1,0.559281379057855,15.8677499874495,51,3,1,4.28169108886702,6.84405227949202,4,22.2306849,,
28,ScoreBoundaryProbe,57.356030894132,44.493375152978,41.1832461282285,0.454740408389299,26.0821049123869,0.4547404083893,1.16573417585641e-15,499.999999999998,102.768152559114,3.94017863605431,4.68042535992455,6.66117761017094,17.1007768898419,20.658924574178,34.7681632579723,23.010484510189,39.4363322297209,1.0563764022058,1.10152325459161,0.332556514436535,0.236379342205464,77.0981233407528,11.4712061788264,11.2684646361457,9.01477170891656,7.81848149543627,26.4535734858035,6.36692728069426,1.68650192076971,0,1.18779002557413,5.59481662911494,5,1,1,1,3.21964677141295e-15,0,1,4,15,1,root_seeded_fmincon,1,0.531835964317413,17.1007768898419,53,3,1,4.41361832461269,6.78854251201979,4,27.8104941,,
29,ScoreBoundaryProbe,60.5434106649131,44.764012704205,39.4356981428404,0.419584663499776,25.4030865909663,0.419584663499776,5.55111512312578e-17,499.999999999999,81.835021531295,3.22145977175847,5.00669821535449,5.80634471180148,16.6555773609797,27.6236596771491,21.7903446760907,30.5526894374976,24.8068076475668,1.07136418843077,1.06370932164074,0.339313089399755,0.255321681304452,69.2428729857249,12.1086821329826,10.972213598089,8.77777087847122,8.78508101848669,25.7824673809457,5.52102652905847,0.514328313703985,0,1.07961665117553,5.63125523959999,5,1,1,1,9.99200722162641e-16,0,1,3,12,1,root_seeded_fmincon,1,0.50383682823601,16.6555773609797,45,9,1,5.105770513005,5.71351753865597,3,27.713338,,
30,ScoreBoundaryProbe,53.8543998410879,35.2217201159241,39.0179425748727,0.56007318982123,29.9306064788311,0.555769009907259,-0.00430417991397125,500.040379517019,104.702979793372,3.4981910529419,5.88015144697491,7.48350687728254,19.6240535528659,31.0465454825276,26.6441369627389,33.8451578508519,30.4856302776901,1.11768611353871,1.13269182180376,0.268081687214716,0.159906790872767,90.0037076494195,10.7708799682176,8.59037881405132,6.87230305124106,5.98094834056421,30.2413913133618,7.23899082143128,1.35883937445637,0,1.29906169069753,5.55753945900115,5,0,0,0,-8.07590340385911e-05,8.07590340385911e-05,-2,2,28,1,root_seeded_fmincon,1,0.566416116232107,19.7760329824981,38,9,1,5.88703708674906,7.51063239423927,3,34.2155573,Product_salinity_max;Bulk_brine_concentration_max;Recovery_target_mismatch,
31,ScoreBoundaryProbe,58.3854755095513,33.4195742744935,39.8912410966849,0.430397295528863,26.2544470037248,0.449674285849223,0.0192769903203598,501.07633842701,96.1568914993671,3.66249921339898,5.32306454155004,6.67564664014707,17.2137732780781,23.5857289078601,24.9558045933842,25.5641874518666,27.6172593856682,1.08601909767187,1.10220730440437,0.350104000992605,0.251096803963773,73.9606543601615,11.6770951019103,10.725745135672,8.58059610853759,8.03275712645664,26.6360862732589,6.36668651096969,1.04362196941964,0,1.18775926971949,5.59482696140239,5,0,0,0,-0.00215267685401943,0.00215267685401943,-2,2,36,1,root_seeded_fmincon,1,0.522458706275499,16.4758397308402,46,12,1,5.12478640392617,6.50791442028561,4,32.9655152,Stage1_dP_max;Product_salinity_max;Recovery_target_mismatch,
32,ScoreBoundaryProbe,60.3024753308705,34.0823779747334,38.5745324784583,0.488076773532481,29.4322375956158,0.488076773534181,1.70036207336466e-12,477.687332216201,90.1888661237298,3.06428846365266,6.16154687803773,6.43220201004588,19.297297138484,34.2210778593941,17.2261185332326,37.0017270501849,19.3520442734384,1.12067745773381,1.07736412508462,0.326574384061955,0.219379666188315,77.0264241012664,12.0604950661741,9.5232925621163,7.61863404969304,7.71755943381365,29.7908100413081,6.16154353571204,0,3.34232568643955e-06,1.16154740616957,5.6036384941092,5,1,1,1,0.0222549183030245,0,0,10,90,1,root_seeded_fmincon,1,0.505849881495398,19.2972971384168,47,3,1,5.87056987094001,6.6054514233272,3,64.0295686,,
33,ScoreBoundaryProbe,54.4141264988977,44.8574842427141,40.5047124167787,0.540895261704321,29.3278627718191,0.538975164333718,-0.00192009737060261,500.069234195839,105.008728946835,3.58051078470462,5.29648037660115,7.25162922007701,19.2288636059658,29.7046266265422,33.2147482512451,33.1127585516406,38.9461903575378,1.08538176444247,1.11922063833647,0.268167774129304,0.165334665058354,89.993605153954,10.8828252997795,9.29381698043671,7.43505358434936,6.27156593176965,29.6463788644042,7.00855386466452,1.71207348806338,0,1.26968326591131,5.56736132866634,5,0,0,0,-0.000138468391677415,0.000138468391677415,-2,2,28,1,root_seeded_fmincon,1,0.553019972996886,19.2973663736122,50,12,1,5.1579477040535,7.30622606930887,4,45.8572486,Product_salinity_max;Recovery_target_mismatch,
34,ScoreBoundaryProbe,56.4609136133572,33.5009707529882,41.3301421615676,0.529035434727164,29.8698239785353,0.529035434727166,1.33226762955019e-15,499.999999999999,115.918392452904,3.88078592415555,5.79923214003101,7.81429007607897,19.5842014021344,27.0698535576899,30.5201870317318,29.4223196533605,34.3471995824174,1.10271301735159,1.14113571568886,0.314686950679527,0.198139593192871,89.8494070968014,11.2921827226714,9.75667469299043,7.80533975439235,6.64777240870546,30.2248893285838,7.5232625044962,1.72403036446519,0,1.3352794297813,5.54545100864785,5,1,1,1,2.77555756156289e-15,0,1,4,15,1,root_seeded_fmincon,1,0.540267559410933,19.5842014021343,36,3,1,5.19481621443185,8.181973812187,3,20.871819,,
35,ScoreBoundaryProbe,56.6200489743975,35.9024249255992,40.9506943396788,0.464158053000738,26.2806516927628,0.464158053000739,6.66133814775094e-16,499.999999999999,110.981090324471,4.22292002580107,4.85034225612702,7.16480077478726,17.2309544274605,18.7942249632353,33.8360216435823,20.558285625778,37.5509007263297,1.06536920790055,1.12604458201649,0.346240140324825,0.243536380233726,78.031087586834,11.3240097948795,11.1573556115752,8.92588448926015,7.58484932040868,26.659667381511,6.84838117018768,1.99803891406066,0,1.24925253204573,5.57420033171103,5,1,1,1,2.33146835171283e-15,0,1,4,15,1,root_seeded_fmincon,1,0.538749092460046,17.2309544274605,49,12,1,5.17706937718529,6.8899262921453,4,30.5778164,,
36,ScoreBoundaryProbe,49.6132845686088,43.4883752342344,38.5224597064941,0.446661055549151,22.160322054675,0.446661055549146,-4.71844785465692e-15,500.000000000011,107.114504257322,4.83361676752911,3.44247735501067,6.58225768192503,14.5294532223151,6.54059730889893,44.975538249282,7.4120815869466,50.0978270510078,1.02051350568911,1.13144842619416,0.302274800081593,0.216281920151728,71.0116286291276,9.92265691372176,11.4498348295597,9.15986786364778,6.86324062848346,22.4844064182929,6.30992314370773,2.86744578869707,0,1.18050779930754,5.59726350300595,5,1,1,1,-2.28705943072782e-14,2.28705943072782e-14,1,2,9,1,root_seeded_fmincon,1,0.575168047972133,14.5294532223152,48,3,1,3.44119338734576,6.54607872969041,3,28.5293622,,
37,ScoreBoundaryProbe,60.0087413155353,36.7179667558027,39.1466141913456,0.432928953310064,25.9795215671891,0.432928953310064,2.22044604925031e-16,500,82.8296746831704,3.18826790050593,5.42850293604253,6.04348430733252,17.0335179433445,27.7382805832587,19.2638165709029,30.170054618253,21.5406898426309,1.09013004140221,1.07240538528451,0.345499293944028,0.254051090202582,70.3879635465915,12.0017482631071,10.5435660769266,8.43485286154125,8.50730493708656,26.3569504756947,5.75164755975798,0.323144623715444,0,1.10913183228069,5.62129343763088,5,1,1,1,1.11022302462516e-16,0,1,4,15,1,root_seeded_fmincon,1,0.508325942709,17.0335179433445,51,12,1,5.08941020701349,6.26616481214611,4,31.4252078,,
38,ScoreBoundaryProbe,48.5707230014873,31.2833147395447,38.6006435739861,0.535983068425915,26.0330851500024,0.535983068425915,5.55111512312578e-16,499.999999999999,121.673595075717,4.67380621138966,4.37548537136577,8.10639499510576,17.068636998428,13.5033993552577,41.4010057943114,14.6915103478474,45.8350165578835,1.0608484522117,1.20131745769112,0.283143696343235,0.178247820710521,85.1504848139086,9.71414460029746,9.92816063171315,7.94252850537052,5.63440946287122,26.3427307977257,7.82666024359038,3.45117487222461,0,1.37390462019013,5.53258330247953,5,1,1,1,1.88737914186277e-15,0,1,3,12,1,root_seeded_fmincon,1,0.57429448520686,17.068636998428,46,3,1,4.25158396959484,8.14250843903918,4,19.4483399,,
39,ScoreBoundaryProbe,52.5962324291764,34.6268085556334,39.8358857698097,0.431578094365194,23.2434785859246,0.441922881400739,0.0103447870355453,500.005873395,126.012681946524,5.42142095817071,3.74440626759891,7.35183234381551,15.2396266626833,7.41586253008497,42.7941427605832,8.23402990549731,46.7310370470341,1.02814573933174,1.15352388952457,0.349999478208327,0.255782388008862,72.7962424666055,10.5192464858353,12.0108700614474,9.60869604915791,7.33818846081294,23.6165200882295,7.01802420202126,3.27361793442235,0,1.27089098452886,5.56695727532045,5,0,0,0,-1.17467899993784e-05,1.17467899993784e-05,-2,3,23,1,root_seeded_fmincon,1,0.560492896426707,14.8828886457991,44,12,1,3.53364714200923,7.31680769647584,4,37.6138427,Product_salinity_max;Recovery_target_mismatch,
40,ScoreBoundaryProbe,51.7326259140918,41.9782165292833,39.8969255338238,0.495602089545148,25.6387975006811,0.495602089545143,-4.94049245958195e-15,500.00000000002,107.896852903012,4.20834295758784,4.3284136696087,7.08979956862694,16.8101216238402,15.9266767258671,40.8044341803686,17.7123614476939,46.1536735324467,1.05069536234165,1.13716978161911,0.29248853681404,0.194557999686895,80.8623136163258,10.3465251828184,10.5329206989776,8.42633655918211,6.52345710335267,25.9639346673321,6.82313034463807,2.49471667502937,0,1.24603090623478,5.5752793818331,5,1,1,1,-4.06341627012807e-14,4.06341627012807e-14,1,2,9,1,root_seeded_fmincon,1,0.559810887890237,16.8101216238404,46,12,1,4.33436346175961,7.04432778259255,4,31.3105718,,
41,HighConfidenceCore,55.1012126018013,43.1562646897925,38.557176779503,0.507261473985019,27.9507223227514,0.507261473985016,-3.77475828372553e-15,500.000000000022,87.6132033731052,3.13455954237682,5.44595754477489,6.43853089833743,18.3259391048724,32.8413765821856,22.3127526702035,36.3238143545954,25.9219247353574,1.09759238175962,1.08482489745261,0.265127112144036,0.17368130291665,80.0321213684704,11.0202425203603,8.91396049727818,7.13116839782254,6.78762256976247,28.2678368943001,6.21194270670913,0.765985161934238,0,1.16798837991309,5.60147218917607,5,1,1,1,-4.48530101948563e-14,4.48530101948563e-14,1,3,12,1,root_seeded_fmincon,1,0.553599432020536,18.3259391048726,50,3,1,5.06240172665366,6.61249709056642,4,25.9166117,,
42,HighConfidenceCore,56.9415887775387,34.2082571882009,39.5346861318804,0.500416509805827,28.4945111188546,0.500416509805828,8.88178419700125e-16,499.999999999999,95.5194627376514,3.3522057051348,5.87905260017469,6.86744736064412,18.682475163162,30.130905376665,22.0688997336963,32.7053346348481,24.8385762219258,1.11129398050841,1.10130773047738,0.305754106762463,0.201693325506669,80.9174654055293,11.3883177555077,9.39305339677812,7.5144427174225,7.11176941467103,28.840888525279,6.60052215566031,0.721469555485625,0,1.21762034955002,5.58480275184651,5,1,1,1,2.33146835171283e-15,0,1,4,15,1,root_seeded_fmincon,1,0.535706864786896,18.6824751631619,40,6,2,5.10763470745836,7.37056695119012,3,23.0253211,,
43,HighConfidenceCore,58.3847694821685,40.6648648814024,40.2361961224605,0.494674696600889,28.8814681297045,0.494674696600888,-8.32667268468867e-16,500.000000000001,93.1576957668214,3.22551801551283,5.79107667262633,6.62093601268147,18.9361841920433,33.7575958962235,21.3076434277356,37.1119924421765,24.4817222242083,1.10209767501912,1.08159139918327,0.299828411016046,0.200669343748332,81.4112803210615,11.6769538964337,9.46976957063715,7.57581565650972,7.37582533811599,29.2317398833349,6.36253546743144,0.571458794805109,0,1.18722901361392,5.59500510099324,5,1,1,1,-1.33226762955019e-15,1.33226762955019e-15,1,4,15,1,root_seeded_fmincon,1,0.522465024192933,18.9361841920434,52,3,1,5.14365628560355,6.97712821727292,4,21.7665719,,
44,HighConfidenceCore,56.5469371808544,31.0171140855176,38.5688543213176,0.532972460458915,30.1379602406637,0.53297246045835,-5.64548408021892e-13,498.700697402567,96.374957210481,3.19779296411861,6.55368583346073,7.00524114650526,19.7600054030053,35.0000000000011,17.9009620891197,37.7699084076814,20.1881514217935,1.14435542543473,1.09951484835422,0.286802015862,0.177660614357125,84.5475539866312,11.3093874361709,8.4573721249583,6.76589769996664,6.60224423504769,30.4648121242135,6.75748426814407,0.203798434683343,0,1.23765446987994,5.57808579829897,5,1,1,1,-3.10608681632272e-14,3.10608681632272e-14,1,3,12,1,root_seeded_fmincon,1,0.53944566267911,19.7600054030263,38,3,1,5.86973216855639,7.43779230479119,3,18.8747042,,
45,HighConfidenceCore,57.9937658386877,43.6935921213084,39.1884225100636,0.496812054350835,28.8120019458585,0.496812054350814,-2.05946371067967e-14,490.407760673007,89.6452643344173,3.1113861682667,5.60554908995999,6.39297383524602,18.8906385692752,34.9999999999991,21.0068356793439,38.682997029594,24.3746850678585,1.09798290500123,1.07536426847173,0.286864370247212,0.191635322359186,79.6365584444943,11.5987531677375,9.31147983080939,7.44918386464752,7.2954409732073,29.1505470907965,6.15041995139717,0.544870861437179,0,1.16012570789539,5.60411675048824,5,1,1,1,2.55795384873636e-14,0,1,3,12,1,root_seeded_fmincon,1,0.525987570540742,18.890638569276,46,3,1,5.09339545536264,6.64723219441359,4,18.7582772,,
46,HighConfidenceCore,52.935099056009,42.967062474748,39.1714308074192,0.475921663355858,25.1929603926428,0.475921663355855,-2.22044604925031e-15,500.000000000002,97.6044061987175,3.87427299838971,4.43837772419981,6.62791084135977,16.5178077580926,18.6073923726523,35.3504542047127,20.6675695061443,40.0552960711109,1.05656546450707,1.11561760277924,0.293365246782631,0.201415296719205,76.3444371904215,10.5870198112018,10.4321570446981,8.34572563575846,6.93553466584156,25.5225370411403,6.36857221448728,1.93019449028748,0,1.1880001484265,5.59474603973736,5,1,1,1,-3.33066907387547e-15,3.33066907387547e-15,1,3,12,1,root_seeded_fmincon,1,0.56791697421878,16.5178077580927,53,3,1,4.29045359127869,6.6799524647913,4,23.7255256,,
47,HighConfidenceCore,62.617611820727,43.7229498226987,41.2734664234968,0.469911708401108,29.4247489466731,0.469911708401073,-3.46944695195361e-14,487.176272866896,95.409595846632,3.24249481344919,5.74594337433142,6.46964432177338,19.2923871929407,34.9999999999993,21.5998688167536,38.6403315233062,24.8643174486997,1.09132492274262,1.06955073844316,0.337587414946065,0.235903067842743,79.549155982414,12.5235223641454,10.41131055629,8.32904844503197,8.2982157185135,29.8111594002598,6.18180704402267,0.435863669691254,0,1.16413716723661,5.60276739107128,5,1,1,1,1.94891721808485e-14,0,1,3,12,1,root_seeded_fmincon,1,0.487147291521311,19.2923871929421,50,12,1,5.1950602463895,6.7712723608713,4,28.099006,,
48,HighConfidenceCore,57.5292501755201,41.0565038117387,40.938036004525,0.51758807075412,29.7764536102785,0.517588070754119,-4.44089209850063e-16,500,102.111773005743,3.42927919967255,5.77410430908705,7.06947091868359,19.5229829597945,32.9752517899047,25.8275120395413,36.3524001815019,29.8293606855712,1.10014905585573,1.09975190168268,0.293708912080686,0.188822640569236,86.8530135145739,11.505850035104,9.42107024223865,7.53685619379092,6.93819914131039,30.1217606370921,6.80897070325099,1.03486639416394,0,1.24422425683056,5.5758845766048,5,1,1,1,-6.66133814775094e-16,6.66133814775094e-16,1,4,15,1,root_seeded_fmincon,1,0.530234618162642,19.5229829597945,41,3,1,5.17795330543922,7.37069734091522,4,21.5527039,,
49,HighConfidenceCore,52.3443742241094,35.2082103249089,38.653098485623,0.495608107582555,25.942296251804,0.495608107582557,1.55431223447522e-15,499.999999999998,101.168346417278,3.89974524364793,4.8000505577996,7.05297083357365,17.0091111013664,19.6957657463354,32.0858366241636,21.4888649813217,35.8164526960046,1.07490930838286,1.13643860300579,0.293895257704103,0.196161657302023,78.3268678903433,10.4688748448219,9.92377608046921,7.93902086437537,6.60051949307634,26.2700181107826,6.78584111070663,1.98579055290702,0,1.24127297602243,5.57687332008205,5,1,1,1,3.33066907387547e-15,0,1,4,15,1,root_seeded_fmincon,1,0.573708396808681,17.0091111013664,48,3,1,4.25613079931277,7.39739921232793,4,24.4533991,,
50,HighConfidenceCore,58.4387192593262,44.8817462604921,40.3847092479305,0.434140330497775,25.3706048931106,0.434140330497776,1.4432899320127e-15,499.999999999999,94.7754262644943,3.73563920386583,4.68078537334668,6.28345029838147,16.6342806799834,21.8577042088685,30.7284688585654,24.3061724507548,34.8079766243826,1.05797293524765,1.08743340796961,0.338767178994089,0.248600966893378,72.7822910901738,11.6877438518652,11.3490281274996,9.07922250199968,8.26702859155389,25.7474208006748,5.98918946084353,1.30840408749686,0,1.13951434723823,5.61105418457743,5,1,1,1,2.88657986402541e-15,0,1,4,15,1,root_seeded_fmincon,1,0.521982692068185,16.6342806799833,50,9,1,4.36513131211474,6.45115335898789,3,32.4306291,,
51,HighConfidenceCore,58.1292001153331,37.3338993758205,38.9840973566682,0.51480548462677,29.9252310363406,0.514805484626771,3.33066907387547e-16,485.719017723088,95.1123827111975,3.1783341153054,6.02912572348933,6.729725765225,19.6205291347631,35,20.1733812600535,38.16734570481,23.0266179054193,1.1166944495801,1.08799471120362,0.295950441039145,0.190545982303306,82.21985093706,11.6258400230666,9.07003410538749,7.25602728430999,7.05099226974812,30.2642287716132,6.47779699854273,0.448671275053408,0,1.20195045712571,5.59006118548059,5,1,1,1,-8.12048840868686e-16,8.12048840868686e-16,1,3,12,1,root_seeded_fmincon,1,0.524762080666473,19.620529134763,47,3,1,5.88623748153942,6.78071594334463,3,19.7482261,,
52,HighConfidenceCore,56.9723403083378,44.4591610902494,39.7551821181618,0.466784437213598,26.5938018075691,0.466784437213599,5.55111512312578e-16,499.999999999999,90.2246448077785,3.39269448801032,5.03656810112075,6.33769351481082,17.4362718381649,27.1149844881451,26.7120067745069,30.074503601588,30.6277171589897,1.07486414101661,1.08561059721197,0.3032236841331,0.212041218542319,76.1362314667059,11.3944680616676,10.2032977476103,8.16263819808825,7.59463462519219,26.9433845874322,6.07711600767442,1.04054790655367,0,1.15075575427804,5.60726963302288,5,1,1,1,1.33226762955019e-15,0,1,4,15,1,root_seeded_fmincon,1,0.535417710329442,17.4362718381649,53,3,1,4.32659930760861,6.73066917588654,4,28.729665,,
53,HighConfidenceCore,53.7763931753178,34.5396267438114,39.7069744304345,0.541080535199115,29.0973596003791,0.541080535199116,1.11022302462516e-15,499.999999999999,108.85851801999,3.7411820012209,5.56491079400176,7.61300992244085,19.0777338056511,26.5608480498765,30.4293759359239,28.9298270586266,34.4528508270651,1.10201399641387,1.14432925595803,0.284748215700974,0.175120064080458,88.6132468340689,10.7552786350636,9.21068719547253,7.36854975637803,6.1697583937347,29.421447325851,7.35002153903094,1.78511074502919,0,1.31321076446502,5.55281427802692,5,1,1,1,2.22044604925031e-15,0,1,4,15,1,root_seeded_fmincon,1,0.561933246587324,19.0777338056511,37,3,1,5.11612515661303,7.85675996010029,3,20.1548666,,
54,HighConfidenceCore,56.9181802208068,41.4181534248959,38.6537898577189,0.446432388520689,25.4101191462259,0.44643238852069,7.21644966006352e-16,499.999999999999,84.3579576537923,3.31985683216766,4.95807724541698,6.06997232649758,16.6601882679162,25.4090615132622,23.9520418570658,27.95249069103,27.0873257875532,1.07581269094212,1.0813485038751,0.312472947268142,0.225333583342337,71.2336813837643,11.3836360441614,10.312950684217,8.25036054737361,7.87701526864523,25.7617384821665,5.80506908336454,0.846991837947561,0,1.11596627640262,5.61898880036088,5,1,1,1,2.1094237467878e-15,0,1,4,15,1,root_seeded_fmincon,1,0.535927183224475,16.6601882679162,46,3,1,4.25830754313545,6.50974695268668,3,24.8155585,,
55,HighConfidenceCore,53.2651924324028,31.8185663015958,39.2293781500759,0.492655456149477,26.2413876746751,0.492655456149477,-4.9960036108132e-16,500,108.482434587914,4.13402049970886,4.9162897008738,7.3778992275462,17.2052109065533,18.7742108267485,32.5090405876519,20.3574146701362,35.9296272176893,1.07739176286621,1.14829794004609,0.313395071898452,0.210776897444172,79.0232306917902,10.6530384864806,10.2220919530263,8.177673562421,6.75595118943194,26.5872085327244,7.08702675768818,2.17073705681438,0,1.27968974446663,5.56401430901791,5,1,1,1,-8.88178419700125e-16,8.88178419700125e-16,1,4,15,1,root_seeded_fmincon,1,0.567269517876247,17.2052109065533,46,3,1,4.29010363467385,7.81822665986833,3,21.8759127,,
56,HighConfidenceCore,58.075490789664,35.3267280107518,40.6034215874986,0.518606307089371,30.1183158108305,0.518606307089372,1.66533453693773e-15,499.999999999997,102.458900129106,3.40188013076953,6.17467770255145,7.16864629578764,19.7471254988398,33.2866470017918,22.5227876964202,36.2365210080321,25.581728821375,1.11778245314127,1.10265845751702,0.305567211612057,0.195489264845145,86.3224072751712,11.6150981579328,9.26272543707725,7.4101803496618,6.98929374470837,30.4693675822784,6.89873926462616,0.724061562074708,0,1.25567684043068,5.57204909684251,5,1,1,1,5.77315972805081e-15,0,1,3,12,1,root_seeded_fmincon,1,0.525247390684625,19.7471254988398,36,3,1,5.94500477699232,7.27405280094566,3,16.9508805,,
57,HighConfidenceCore,62.8133099986616,44.3090170089916,39.7455723199056,0.47500055980302,29.8363574124442,0.475000559803008,-1.18238752122579e-14,464.78175507096,94.9802556819993,3.1833730360927,5.58021299345151,6.33293175195976,19.5622589905876,35.0000000000005,22.3914950629035,38.5919493343506,25.7440264450666,1.08927397446305,1.07057804303545,0.337524435806379,0.23353047339784,77.37139322082,12.5626619997323,10.4369120861822,8.34952966894575,8.24423814655436,30.2147698818506,6.05169450363014,0.471481510178628,0,1.14750587828597,5.60836352373991,5,1,1,1,-1.4210854715202e-14,1.4210854715202e-14,1,3,12,1,root_seeded_fmincon,1,0.485629558459027,19.5622589905881,48,12,1,5.12076798937724,6.58131746275871,4,30.2112153,,
58,HighConfidenceCore,54.8626700189534,41.3190698769597,40.5622452710141,0.490768192040616,26.9248533757227,0.490768192040618,1.11022302462516e-15,499.999999999998,104.52837315484,3.88222627236625,4.85458594042051,7.00805483859872,17.6533263675077,21.796457035177,34.5537225116216,24.1036380501783,39.2165254551456,1.06749657080574,1.11958429250287,0.305370340563368,0.205069322923374,81.4234681302138,10.9725340037907,10.3979498542243,8.31835988337948,6.98445416080766,27.2697763439416,6.73362445606169,1.87903851564118,0,1.23460960684061,5.57910623232837,5,1,1,1,3.44169137633799e-15,0,1,4,15,1,root_seeded_fmincon,1,0.552377147809898,17.6533263675077,47,3,1,4.37466270891316,7.26464425164084,4,22.7087174,,
59,HighConfidenceCore,54.5978165782903,38.2739096930059,39.7768484706444,0.480189449782919,26.2172955020779,0.480189449782918,-9.99200722162641e-16,500.000000000001,101.65958343148,3.87757705303443,4.83613889177214,6.9090475143856,17.1894148322042,20.7726388382077,32.2653547469999,22.8032226410511,36.2139343944826,1.06999058944576,1.12041180399046,0.310487330640789,0.212376583979242,78.1778681989212,10.9195633156581,10.3941233961618,8.31529871692945,7.0951302690531,26.5639487697563,6.63050479191638,1.79436590014424,0,1.22144786118431,5.58351895917627,5,1,1,1,-2.22044604925031e-15,2.22044604925031e-15,1,4,15,1,root_seeded_fmincon,1,0.558703660910302,17.1894148322043,52,3,1,4.32573222745993,7.21608263149194,4,25.6706807,,
60,HighConfidenceCore,59.5307769948521,31.329292103099,40.0846295990926,0.497925860136429,29.6419133397517,0.497925860136429,3.88578058618805e-16,500,95.3241768002944,3.21585775208575,6.50959803385358,6.84810685778648,19.4347714003093,33.8756064294281,17.6193115615989,36.5441330906431,19.7313877670878,1.13167453925582,1.08783772819263,0.324557967368772,0.214385031585087,81.6350942588987,11.9061553989704,9.33426978626103,7.46741582900882,7.47221591377512,30.0046609568345,6.56946035933767,0.0598623254840946,0,1.21365476208373,5.58613311637924,5,1,1,1,2.22044604925031e-16,0,1,4,15,1,root_seeded_fmincon,1,0.512407220934439,19.4347714003092,37,3,1,5.92520767538804,7.23880979591656,3,21.3251566,,
61,HighConfidenceCore,53.328504533704,40.1049393678787,39.2986383464518,0.527358620144568,28.1232465652674,0.527358620144567,-7.7715611723761e-16,500.000000000001,100.014190018927,3.55628180362525,5.23434912867067,7.09248532700829,18.4390549208415,26.9249997375942,30.3941193883468,29.6602088394486,34.899020169412,1.08905477489153,1.12280853321404,0.271412756188493,0.170955401155918,85.1107069718939,10.6657009067408,9.22845660686321,7.38276528549057,6.30131449210914,28.4381321743145,6.84863883265584,1.61428970398516,0,1.24928540482052,5.57418932221504,5,1,1,1,-1.11022302462516e-15,1.11022302462516e-15,1,3,12,1,root_seeded_fmincon,1,0.566495660933499,18.4390549208415,54,3,1,5.09777383272872,7.12842570388918,4,23.7309809,,
62,HighConfidenceCore,61.5510451014406,39.9256492281867,40.740723149366,0.482905924097374,29.723364313871,0.482905924097384,1.06581410364015e-14,487.585159873279,95.7685597765966,3.22199596133552,5.95959226504727,6.59433793502259,19.4881748714077,35,20.3492915353393,38.3403215217816,23.2374556372537,1.10296543583635,1.07527139982547,0.330877093912728,0.225733123073272,80.5334476832595,12.3102090202881,9.99261541512473,7.99409233209978,7.95692019689243,30.0991961595003,6.31247074318355,0.352878478136276,0,1.18083327571933,5.59715412186188,5,1,1,1,-1.4210854715202e-15,1.4210854715202e-15,1,2,9,1,root_seeded_fmincon,1,0.495588660594262,19.4881748714072,55,3,1,5.9510142690691,6.56403621180033,4,21.0716981,,
63,HighConfidenceCore,48.0267424375275,38.4328804565756,38.8710512953598,0.478223687861217,22.9675258844352,0.478223687861217,-5.55111512312578e-17,500,118.274421162309,5.14963700302009,3.47821100004624,7.2555493969968,15.0586977999182,5.91816721530811,46.8983463863117,6.63443604319724,51.8805191009244,1.02179224187021,1.16382756223733,0.296237178269521,0.203770278978455,76.0854416107858,9.60534848750551,11.1118104260196,8.88944834081571,6.26480413827308,23.2846277804733,6.97504886626506,3.49683786621882,0,1.26541025481067,5.56879110046192,5,1,1,1,7.7715611723761e-16,0,1,3,12,1,root_seeded_fmincon,1,0.571273169884248,15.0586977999182,53,3,1,3.46465295395847,7.21902669895276,4,26.0816054,,
64,HighConfidenceCore,59.148487215803,44.7972371287624,41.3356059672267,0.511339345729232,30.2449487537959,0.511339345729118,-1.13353770814228e-13,493.193539204486,102.453229029466,3.38744925188896,5.71691061679933,6.94303301492111,19.8301526054261,35.0000000000012,26.203922489277,38.8715359637145,30.5890672706295,1.09382658434931,1.08952073742523,0.299198351114505,0.194959700292174,86.5670553748106,11.8296974431606,9.6805615895465,7.7444492716372,7.22588461550179,30.599829716104,6.68035902182383,0.963448405024497,0,1.22781147635106,5.58138507214692,5,1,1,1,-3.3090990265399e-14,3.3090990265399e-14,1,3,12,1,root_seeded_fmincon,1,0.515719022342977,19.8301526054305,54,3,1,5.19840056345082,7.17834055600234,4,24.9692636,,
65,HighConfidenceCore,55.8517375220128,37.4769574629508,38.5083953793896,0.523866157998768,29.2588351532124,0.523866157998767,-6.66133814775094e-16,498.452110697032,91.5078630441254,3.12752925962189,5.99750783786122,6.6982640883687,19.1836055292502,35,19.3514306567957,38.2392057610049,22.2099422954557,1.12074779813314,1.08895111594671,0.2718003831117,0.172272694512002,82.7738305369319,11.1703475044026,8.56117949211739,6.84894359369391,6.64822559220008,29.5780344764793,6.46501190490414,0.467504067042927,0,1.20031773455946,5.59060932464703,5,1,1,1,2.03012210217171e-16,0,1,3,12,1,root_seeded_fmincon,1,0.546160269194445,19.1836055292502,47,3,1,5.86884499736605,6.73749673002958,3,19.4528398,,
66,HighConfidenceCore,56.6676393253597,39.6300577808041,39.3987545602222,0.443206243456685,25.1154515509509,0.443206243456683,-1.33226762955019e-15,500.000000000002,94.0334852884237,3.7440491602415,4.74017072338068,6.40411337860597,16.466988952892,20.870363031069,29.0759020137537,22.9361128529633,32.5308141106695,1.0653646500915,1.09856234245456,0.330782341367085,0.239590497392357,72.1783268423921,11.3335278650719,10.9093311120373,8.72746488962985,7.8880469436022,25.4800585149355,6.11476137974593,1.37459065636525,0,1.15556793269425,5.60565020562952,5,1,1,1,-3.5527136788005e-15,3.5527136788005e-15,1,4,15,1,root_seeded_fmincon,1,0.538296642725135,16.4669889528921,50,12,1,4.30315815988338,6.67702410884721,4,31.3400777,,
67,HighConfidenceCore,56.485336839104,39.1282352894542,39.6785723262372,0.535865688690887,30.2685539262232,0.535865688690887,1.11022302462516e-16,496.657633046275,100.274795003224,3.31283731781948,5.97358658970629,7.07680912002575,19.8456293772772,35,23.334752514502,38.4101284949798,26.9680144233903,1.11427775862819,1.10126683821495,0.277303671746065,0.17219861233131,87.551585287721,11.2970673678208,8.80359166784938,7.0428733342795,6.55419572822019,30.5955272257488,6.83222115216333,0.858634562457041,0,1.24719078085257,5.57489087378286,5,1,1,1,6.09036630651514e-16,0,1,3,12,1,root_seeded_fmincon,1,0.540033957607251,19.8456293772772,44,3,1,5.91202635152564,7.07143825414234,4,20.6507152,,
68,HighConfidenceCore,53.4875054055776,39.1478827416797,38.5294612575839,0.449763479112668,24.0567265202702,0.449763479112668,-5.55111512312578e-16,500.000000000001,96.99197315399,4.0318026258587,4.32062839240558,6.50966010764496,15.7728340678404,16.247386502917,33.378214682224,17.8962455937921,37.1700468354284,1.05396077139623,1.11539926750532,0.314020102823592,0.225156900006727,71.4361733817516,10.6975010811155,10.8404101044127,8.67232808353018,7.35769472132683,24.4011906831095,6.2309830110542,1.91035461864862,0,1.17042149710561,5.60065403561956,5,1,1,1,-1.55431223447522e-15,1.55431223447522e-15,1,3,12,1,root_seeded_fmincon,1,0.570301414670558,15.7728340678404,48,3,1,4.24993388877759,6.52285565904989,3,23.3056565,,
69,HighConfidenceCore,58.3430997377518,31.264695899549,39.0167250136961,0.497693436714766,29.0369778170692,0.497693436714683,-8.26005930321116e-14,498.134962143322,90.5893839447386,3.11979381998515,6.38705885668274,6.65164829892921,19.0381443856997,33.437784703896,16.7635077905048,36.0515275429986,18.7673151309527,1.13237931718634,1.0853292997645,0.312186082340889,0.206080000474794,79.4144968394662,11.6686199475504,9.10133932519537,7.2810714601563,7.32653048017065,29.3858265671644,6.38705725830337,0,1.59837937907525e-06,1.19036135534866,5.59395285894439,5,1,1,1,0.00373007571335626,0,0,12,90,1,root_seeded_fmincon,1,0.5228381785869,19.0381443857029,43,3,1,5.88617008251683,6.98286219499635,4,52.8396392,,
70,HighConfidenceCore,55.7472548600111,32.8736974995254,39.996756647376,0.467786219367263,26.0777975910675,0.467786219367256,-6.66133814775094e-15,500.000000000008,107.660340293064,4.1284291711023,4.95314253656387,7.16357803668329,17.0979527872197,19.1921762256677,31.3589086156697,20.8441901234447,34.6028426085226,1.07371341667145,1.13098313272461,0.33898517295659,0.237116932948497,76.7343555825525,11.1494509720022,10.7927281928799,8.63418255430393,7.41736431723591,26.4486349164678,6.85342390977257,1.9002813732087,0,1.24989588464237,5.57398486832433,5,1,1,1,-1.57651669496772e-14,1.57651669496772e-14,1,3,12,1,root_seeded_fmincon,1,0.547183894105632,17.09795278722,51,12,1,5.12977066346649,6.98760030111413,4,26.4203451,,
71,HighConfidenceCore,57.2244845567405,34.8142919177176,38.5438336713304,0.459279784817698,26.2820489535235,0.459279784817698,7.21644966006352e-16,499.999999999999,85.4262974862041,3.25036672891333,5.45502085103478,6.29417851036925,17.2318705438785,27.0339004123131,20.6578487689628,29.3305298349711,23.064624339857,1.09682660316001,1.08708338953277,0.319284159350993,0.225252192737842,72.7548697796621,11.4448969113481,9.92235345724329,7.93788276579463,7.73560890080426,26.6359478246943,6.02218462650032,0.567163775465536,0,1.14373307812277,5.60963365046964,5,1,1,1,1.77635683940025e-15,0,1,4,15,1,root_seeded_fmincon,1,0.533058536678544,17.2318705438785,46,3,1,5.05946147398408,6.5537013503467,4,24.2371459,,
72,HighConfidenceCore,60.0269541034062,41.983845675181,39.6539778042656,0.503505333262022,30.2238915304911,0.503505333261213,-8.08908495741889e-13,474.542169466216,97.9542664201868,3.24095480296991,5.74118411253699,6.66075100294884,19.8163464007941,35.0000000000043,23.1491689688599,38.4940151261742,26.649275546499,1.09939354976692,1.08378427161664,0.310607732906716,0.204616617408195,81.7110756192973,12.0053908206812,9.70668596314078,7.76534877051262,7.45076564322879,30.5790455184416,6.39729814106986,0.65611402853287,0,1.19166943692993,5.59351348619071,5,1,1,1,-1.22416362760954e-13,1.22416362760954e-13,1,3,12,1,root_seeded_fmincon,1,0.508171711452357,19.8163464008259,52,3,1,5.11564142595329,6.99726209936395,4,20.578515,,
73,HighConfidenceCore,57.1377870350169,44.5803832278926,40.0617652029522,0.527095394002841,30.1170643696593,0.527095394002608,-2.32702745961433e-13,490.66312685131,100.113622353501,3.32414942986137,5.6383930961885,6.92488662544987,19.7463049892862,35.0000000000001,26.2608496894191,38.8588483508232,30.7774782397331,1.09731747323751,1.09502243823301,0.277941431916068,0.175872060591447,86.7406954332568,11.4275574070034,9.18827706006507,7.35062164805205,6.75518066633938,30.4488593899152,6.68127198305473,1.04287888686623,0,1.22792800312947,5.58134600400552,5,1,1,1,-4.06024420434343e-15,4.06024420434343e-15,1,3,12,1,root_seeded_fmincon,1,0.533867368389777,19.7463049892949,54,3,1,5.13627109487833,7.14186842609132,4,27.425802,,
74,HighConfidenceCore,56.2583986736867,28.2328374746749,39.9029035286093,0.537124891276423,30.2177862709896,0.537124891276423,-1.11022302462516e-16,500.000000000001,110.952998954464,3.6717778714645,6.34620876216499,7.7750982023919,19.8123434769143,29.5150224127089,24.8399237410131,31.7325180816794,27.6834553000483,1.13188731282293,1.14137174886443,0.309359084731734,0.191014354699698,88.2737270653202,11.2516797347373,9.13276099220143,7.30620879376114,6.51015310067426,30.5644674386871,7.49209312058764,1.14588435842265,0,1.33130958034429,5.54677495602468,5,1,1,1,-1.11022302462516e-15,1.11022302462516e-15,1,4,15,1,root_seeded_fmincon,1,0.542212375736663,19.8123434769143,27,3,1,5.91791450932946,8.04399930367802,2,18.0044665,,
75,HighConfidenceCore,55.293446092287,30.3241653991298,39.3751630713563,0.547652763550758,30.2816085586807,0.547652763550665,-9.33697563709757e-14,500.000000000166,107.975554789593,3.56571397389125,6.26166395434797,7.65413451213618,19.8541886694733,30.7660216469676,24.606108012407,33.2070518893926,27.6770491378409,1.13142376620812,1.13699932514964,0.290593735188781,0.175807170710176,89.1686468522106,11.0586892184574,8.78576483002599,7.02861186402079,6.25295938340158,30.6113188342693,7.38931354396561,1.12764958961763,0,1.31821692486854,5.55114324167177,5,1,1,1,-3.31068505943222e-13,3.31068505943222e-13,1,3,12,1,root_seeded_fmincon,1,0.551674785273603,19.8541886694767,29,3,1,5.89907893041969,7.85573174429085,2,16.7561092,,
76,HighConfidenceCore,54.6401610640988,39.1811102339586,40.7106305226135,0.537249868962553,29.3181626424378,0.536568012822006,-0.000681856140546722,500.193955686391,109.984961023833,3.75142748081458,5.42166837359838,7.52561812646467,19.222503699474,27.2173795147519,32.8166771463767,29.9494693018192,37.6365251866327,1.09058021895163,1.13364867315944,0.286113782980854,0.177418406684854,89.9682034924256,10.9280322128198,9.49007663706166,7.59206130964933,6.33049960541524,29.6478821881568,7.26288629013971,1.84121791654133,0,1.30210712530874,5.55652213101517,5,0,0,0,-0.000387911372781824,0.000387911372781824,-2,2,31,1,root_seeded_fmincon,1,0.550719212037838,19.246931138067,45,12,1,5.16633834320204,7.63801632024929,4,39.2050211,Product_salinity_max;Recovery_target_mismatch,
77,HighConfidenceCore,50.4920061409281,39.9073713438173,39.3220634088287,0.49534274450687,25.010848897505,0.495342744506869,-1.49880108324396e-15,500.000000000002,109.272049884945,4.36898604812432,4.16530924885343,7.15890516221731,16.398406043473,13.697543296133,41.4906471027177,15.185136417709,46.5621648566071,1.04692189588848,1.14730208196561,0.290517525902159,0.193797541506653,79.6464183786386,10.0984012281856,10.5268622329415,8.42148978635321,6.37028931085578,25.330555963624,6.89092745797864,2.72561820912521,0,1.25468032344398,5.5723827436842,5,1,1,1,-4.21884749357559e-15,4.21884749357559e-15,1,3,12,1,root_seeded_fmincon,1,0.566233928392976,16.398406043473,47,12,1,4.29857725528149,7.03298707511398,4,30.0561169,,
78,HighConfidenceCore,54.8788642480116,36.5338851945614,39.0315177602002,0.504487163646756,27.6856825686347,0.504487163646755,-4.44089209850063e-16,500.000000000001,95.1872176031844,3.43813873352079,5.45390491582707,6.85144666628187,18.1521653347985,27.5100075305425,25.4406542944651,30.0228833020014,28.7758678590198,1.09785625086956,1.11003446689245,0.289816864971517,0.190051028916,80.5515515847716,10.9757728496023,9.3746139380743,7.49969115045944,6.79829541984421,28.0166455562994,6.5962956485399,1.14239073271283,0,1.21708077990589,5.58498374967995,5,1,1,1,-1.99840144432528e-15,1.99840144432528e-15,1,4,15,1,root_seeded_fmincon,1,0.555842407053919,18.1521653347985,56,3,1,5.0837425414629,7.05385153992013,4,25.2612969,,
79,HighConfidenceCore,57.7283436884231,39.421142980525,41.4899060528753,0.513773863090825,29.659314146636,0.513773863090825,3.33066907387547e-16,500,106.648179942347,3.59577363842864,5.71482961407546,7.2557715295532,19.4461802692342,30.417614424019,28.1155527043345,33.4306589158763,32.1801464550154,1.09605228774409,1.10963650245395,0.307564793493698,0.198916779584108,87.3220316324249,11.5456687376846,9.77082014361907,7.81665611489526,7.01725738544679,30.0146789003458,6.97997572733466,1.2651461132592,0,1.26603861804617,5.5685808276094,5,1,1,1,-0,0,1,4,15,1,root_seeded_fmincon,1,0.528405945000589,19.4461802692342,44,3,1,5.20432331391372,7.52145300849414,4,19.7014485,,
80,HighConfidenceCore,60.8691380933813,28.9933037575487,40.7707674653043,0.489286913274395,29.7824726913834,0.489286913274394,-7.21644966006352e-16,500.000000000001,98.7128458891744,3.31446105607389,6.65906716567587,7.00565014712922,19.5269293806605,32.7571449941597,18.1629713577506,35.1897675635392,20.1648163960536,1.13363956834039,1.09308951774417,0.348689655956145,0.233496143084547,81.6025647547349,12.1738276186763,9.73497965413583,7.78798372330866,7.77166635049948,30.1650850891621,6.70371665064308,0.0446494849672163,0,1.23079266570073,5.58038563519903,5,1,1,1,-1.99840144432528e-15,1.99840144432528e-15,1,4,17,1,root_seeded_fmincon,1,0.501140659379846,19.5269293806605,36,9,1,6.73315859520141,6.90513619952019,3,25.0490537,,
81,HighConfidenceCore,53.939822006677,39.6178887495732,40.09413240916,0.538491846333205,29.0461543432587,0.538491846333183,-2.18713935851156e-14,500.000000000032,106.520134972428,3.66727153321589,5.37487713240127,7.40208290216491,19.0441609908594,27.5149300390153,32.0170066758013,30.2986013735348,36.8138283615164,1.09151550198598,1.13135651283397,0.276785593860594,0.170908546743751,88.9764390206812,10.7879644013354,9.28775018265256,7.43020014612204,6.22341691585457,29.3666900337805,7.14922395434582,1.77434682194455,0,1.28761938520114,5.56136315572854,5,1,1,1,-6.30606677987089e-14,6.30606677987089e-14,1,3,12,1,root_seeded_fmincon,1,0.557607459115531,19.0441609908602,43,3,1,5.1364336496307,7.49402454329932,4,19.9673453,,
82,HighConfidenceCore,58.5558190382499,44.5556008016002,40.6155352198918,0.484476826251582,28.3689373662132,0.484476826251582,-3.33066907387547e-16,500.000000000001,93.1094921259875,3.282093048606,5.49371366225489,6.5259518319656,18.6001425165311,32.5826941985622,23.8905012287317,36.137001946164,27.6701562884276,1.08828107952185,1.07976964648501,0.301038053819536,0.205263074913086,80.5234424860127,11.71116380765,9.83670574352887,7.86936459482309,7.54672041800915,28.7236034217848,6.26604181149483,0.772328149239942,0,1.1749012681231,5.59914793978962,5,1,1,1,-1.55431223447522e-15,1.55431223447522e-15,1,4,15,1,root_seeded_fmincon,1,0.520938832399802,18.6001425165311,51,3,1,5.1632614887085,6.67618777023533,4,18.3998371,,
83,HighConfidenceCore,60.615404551463,39.5254954403834,40.0010352411139,0.457555296113905,27.7348993786088,0.457555296113905,-3.88578058618805e-16,500.000000000001,85.0809722979143,3.06765029634595,5.77765717825357,6.17374492855742,18.184434420803,33.1765244917522,17.5239688031458,36.2984686864003,19.9236810279302,1.09969727196613,1.06470505233396,0.327322571495229,0.232582920672925,75.2788860945531,12.1230809102926,10.0004022481681,8.00032179853447,8.22012629321355,28.1057638101757,5.89849088131178,0.12083370305821,0,1.1279158565761,5.6149611777525,5,1,1,1,-1.33226762955019e-15,1.33226762955019e-15,1,4,21,1,root_seeded_fmincon,1,0.503238413167759,18.184434420803,45,12,1,5.92390227505537,6.0407788598759,4,27.0975933,,
84,HighConfidenceCore,50.4162900964529,33.9221222441933,39.050960298717,0.468808972517499,23.6356091582621,0.468808972517497,-1.33226762955019e-15,500.000000000002,120.896290259172,5.1150063215913,3.83436668066194,7.44280674600591,15.4967277460413,8.71645907066518,42.1832210340175,9.60803119884402,46.2309597648371,1.03498213812816,1.16532794252115,0.319746064641047,0.224628467507535,75.0511129447442,10.0832580192906,11.2328791445806,8.98630331566451,6.69517023454767,23.9800115192998,7.13660341181984,3.3022367311579,0,1.2860104708781,5.56190098603663,5,1,1,1,-3.10862446895044e-15,3.10862446895044e-15,1,4,15,1,root_seeded_fmincon,1,0.569263013422156,15.4967277460413,50,3,1,3.47594982374407,7.64480991918704,4,22.3054626,,
85,HighConfidenceCore,49.4876418319483,43.9487949264109,38.754524418293,0.505875487433551,25.0345849336738,0.50587548743355,-8.88178419700125e-16,500.000000000001,102.106140319364,4.07860328381247,4.13851101955105,6.91029715382504,16.413968616361,15.246582107108,41.7781775588421,17.0396699500807,47.6162266756089,1.04782878555496,1.13865969866456,0.268064864029951,0.174567437999189,80.2040955175911,9.89752836638966,10.1098685004469,8.08789480035753,6.11326422456862,25.3344486962493,6.66838660560337,2.52987558605231,0,1.22628333881924,5.58189743466158,5,1,1,1,-1.77635683940025e-15,1.77635683940025e-15,1,3,12,1,root_seeded_fmincon,1,0.572575146164324,16.413968616361,53,12,1,4.26533349536311,6.80073153073677,4,38.7746887,,
86,HighConfidenceCore,61.0959397896743,41.4103284379623,39.2972734615955,0.458920814861592,28.0381984730095,0.458920814861549,-4.25770529943748e-14,489.657657792364,82.9908662952481,2.95992149335621,5.7330223640863,6.00491909600416,18.3832929930563,34.999999999999,16.407362702145,38.3855967427844,18.7693374209131,1.09914712192173,1.05800826312656,0.322487519511232,0.229011693916128,74.1499444264288,12.2191879579349,9.90939220374215,7.92751376299372,8.2644353291662,28.4042988544619,5.73855996639483,0.00553760230853495,0,1.1074573363785,5.62185821269884,5,1,1,1,2.86247216406212e-14,0,1,3,12,1,root_seeded_fmincon,1,0.49928031396213,18.383292993058,51,12,1,5.09807230780048,6.39281294859233,4,28.9491393,,
87,HighConfidenceCore,58.2441442431863,35.8501364497701,40.2621535817711,0.46523478001422,27.0972016340953,0.46523478001422,-8.32667268468867e-16,500.000000000001,96.844281302747,3.5739587655757,5.41150185977953,6.72613464614808,17.7663267991708,25.7189587740377,25.2642905931354,28.0089314686066,28.2423926633442,1.08806708016106,1.09973204870482,0.33579569336861,0.23514549159198,76.877476149824,11.6488288486373,10.435254147418,8.34820331793442,7.78673565227276,27.4697142266348,6.43108206833505,1.01958020855551,0,1.19598445733405,5.59206431374117,5,1,1,1,-1.99840144432528e-15,1.99840144432528e-15,1,4,15,1,root_seeded_fmincon,1,0.523726468924273,17.7663267991708,50,3,1,5.1435431482083,6.88139398876102,4,22.7626042,,
88,HighConfidenceCore,52.0957402425491,40.6428571374839,38.6875899047426,0.495223603184872,25.7990401934983,0.495223603184872,2.77555756156289e-16,499.999999999999,96.7321483233751,3.74944756075665,4.64079659834831,6.77196694398685,16.9151850206519,20.5226843981796,33.3355818316663,22.6524363221258,37.7836592320217,1.0675277647433,1.12275174478622,0.280444621864571,0.186737761786337,78.3416541798383,10.4191480485098,9.87549190962176,7.90039352769741,6.57417501226271,26.1166126526303,6.52244154028069,1.88164494193237,0,1.20765137275642,5.5881476198762,5,1,1,1,1.22124532708767e-15,0,1,4,15,1,root_seeded_fmincon,1,0.573323017824105,16.9151850206519,47,3,1,4.2601052118817,6.96793093472475,4,24.5449404,,
89,HighConfidenceCore,51.894549519431,34.411526585726,39.7827754332624,0.488598629889328,25.3556057939179,0.488598629889329,9.43689570931383e-16,499.999999999999,117.615707150883,4.63864709472239,4.34724375153025,7.53317810221703,16.6244464948321,13.5451155487259,39.653798578505,14.8370657560202,43.8347851849852,1.05267952064346,1.15995933312353,0.315737909800188,0.214419746983395,79.4922758495774,10.3789099038862,10.8087920572861,8.64703364582888,6.63473593137827,25.700203968866,7.23428785851782,2.88704410698757,0,1.29846228437792,5.55773970914309,5,1,1,1,2.22044604925031e-15,0,1,3,12,1,root_seeded_fmincon,1,0.561086308008241,16.6244464948321,52,3,1,4.32472845060023,7.50381007384169,4,21.7348225,,
90,HighConfidenceCore,59.3495480759873,40.5764805058794,41.254738007883,0.476996160398847,28.3095065536528,0.476996160398849,1.99840144432528e-15,499.999999999998,98.1584764309015,3.46733265183797,5.54824373888315,6.74071449076218,18.5611766021852,29.6820931386435,25.2922861947639,32.642912337689,28.7979302379989,1.0882056687915,1.08970439661247,0.326126189966798,0.224536882453038,80.5976498803174,11.8699096151975,10.2855432883025,8.22843463064197,7.76001038058362,28.6817085569151,6.45549849502389,0.907254756140744,0,1.19910278790867,5.59101723674946,5,1,1,1,4.88498130835069e-15,0,1,4,15,1,root_seeded_fmincon,1,0.513971900189445,18.5611766021851,52,3,1,5.1932252660423,6.92786304968068,4,23.815008,,
91,HighConfidenceCore,55.6450241437603,44.7070033513862,41.0467591508516,0.496026645624626,27.6014146717307,0.496026645624625,-5.55111512312578e-17,500,103.584676059245,3.7528756149349,4.95535415802261,6.95138545583716,18.0969149434374,24.5100503638171,34.4962331085979,27.3044399150112,39.6993050241111,1.06875328295729,1.11071538745936,0.299185469936576,0.198971811990089,83.2824791057231,11.1290048287521,10.2979690481996,8.23837523855972,7.01090236800738,27.9458880147114,6.68456892166065,1.72921476363803,0,1.22834880910827,5.5812049215318,5,1,1,1,1.11022302462516e-16,0,1,4,15,1,root_seeded_fmincon,1,0.546963584906687,18.0969149434374,48,3,1,4.40538958163519,7.21947527601012,4,19.0059355,,
92,HighConfidenceCore,59.5813518526288,36.0954924269057,40.9741451525125,0.488176548351854,29.0862186935537,0.488176548351854,5.55111512312578e-16,499.999999999999,98.3996425223893,3.38303316629458,5.97985691209777,6.87409478189634,19.0704292509531,31.6163479389055,22.0208194906231,34.4353815927511,24.8708719046217,1.10646124747294,1.09153726502967,0.327681335765751,0.221086312579705,81.8326655533779,11.9162703705258,9.8825769870437,7.90606158963496,7.62378328976878,29.457052457495,6.5881624167627,0.608305504664928,0,1.2160424485014,5.58533207016544,5,1,1,1,1.11022302462516e-15,0,1,3,12,1,root_seeded_fmincon,1,0.511972270710641,19.0704292509531,40,3,1,5.95869968036026,6.85209094752837,3,16.774304,,
93,HighConfidenceCore,54.4347836271069,30.594705943022,38.5310756847188,0.479908503350511,26.1237155406941,0.479908503350518,6.0507154842071e-15,499.999999999992,98.5195496168057,3.77126865676275,5.21003790473051,6.98920812669207,17.1280589697706,21.6400091800737,26.9196872296681,23.3560507191024,29.6902487137028,1.09099344907923,1.12858603069316,0.316249545249104,0.216392326545506,75.6708390526955,10.8869567254214,9.99376415748451,7.99501132598761,7.0777670216032,26.4721892856425,6.70435859518348,1.49432069045298,0,1.23087459605815,5.58035817034117,5,1,1,1,1.55431223447522e-14,0,1,3,12,1,root_seeded_fmincon,1,0.560376986321112,17.1280589697704,45,3,1,5.05768362099506,7.06766223931156,3,18.6361992,,
94,HighConfidenceCore,59.1917461712927,32.650226645801,39.4276498122122,0.469283951709094,27.7777365518259,0.469283951709095,7.21644966006352e-16,499.999999999999,88.1191139356471,3.17229280979176,6.01151764840932,6.46593451189031,18.2125206870089,30.6032300452157,18.0692216667827,33.0620226497202,20.1618760223881,1.11404247221006,1.0822768421865,0.331194316920682,0.229661663926165,75.8671047407974,11.8383492342585,9.77893768362349,7.82315014689879,7.8535024048667,28.1435371685943,6.18425939375802,0.172741745348692,0,1.16445057857796,5.60266197834369,5,1,1,1,2.55351295663786e-15,0,1,3,12,1,root_seeded_fmincon,1,0.515342120702532,18.2125206870088,45,3,1,5.90148536507479,6.51137261724958,3,18.6157851,,
95,HighConfidenceCore,58.3305871345464,44.8132406414491,38.6650464777944,0.489720664387068,28.5656938856176,0.489720664387065,-2.66453525910038e-15,483.912707937665,87.2109913371262,3.05299747614517,5.48885679219847,6.21810747270248,18.7291462664684,35.0000000000005,20.617376496562,38.7283861789524,23.9414753789269,1.09438476548035,1.07078957871823,0.288509340761877,0.195134896606212,77.4601284147563,11.6661174269093,9.41734923442228,7.53387938753782,7.44122331223219,28.9044314688081,5.97769041103764,0.488833618839176,0,1.13804400492072,5.61154934956866,5,1,1,1,-1.52259157662879e-14,1.52259157662879e-14,1,3,12,1,root_seeded_fmincon,1,0.522950333581229,18.7291462664685,46,3,1,5.0681312441575,6.42389598576482,4,23.2631368,,
96,HighConfidenceCore,62.9919332098121,39.8350654665456,40.2534147716694,0.479653955225371,30.2143299113787,0.47965395522537,-3.88578058618805e-16,471.40244032341,97.2676960147789,3.21925709754522,5.91380917466053,6.53873345807466,19.810077308798,34.9999999999982,20.8808888582877,38.2629446625936,23.7533525130098,1.10081622344257,1.07502812913322,0.346658367286079,0.237469129146911,79.072773728401,12.5983866419624,10.301439274042,8.24115141923362,8.19440082460834,30.5986461706776,6.24722182785921,0.333412653198677,0,1.17249652392126,5.59995637116473,5,1,1,1,5.01440159236414e-14,0,1,2,9,1,root_seeded_fmincon,1,0.484252481955078,19.810077308798,55,12,1,5.93319335005373,6.49000296400994,4,25.0343856,,
97,HighConfidenceCore,50.2787684223055,31.1232715330488,38.5899712379282,0.478426700098342,24.0547052612922,0.47842670009834,-1.94289029309402e-15,500.000000000003,119.581992543323,4.97125162185001,4.04578283592398,7.58900392640062,15.7715088259194,10.445817803646,39.6336903142217,11.3989028365902,43.3122852145184,1.0455530952029,1.17406013064091,0.31545407705508,0.218757931267263,75.5558742922606,10.0557536844611,10.8697236600848,8.69577892806787,6.55601579025328,24.396886397189,7.28430274374825,3.23851990782427,0,1.30483645419751,5.55561053059761,5,1,1,1,-5.55111512312578e-15,5.55111512312578e-15,1,4,15,1,root_seeded_fmincon,1,0.574413729185159,15.7715088259194,50,3,1,3.44105375062289,7.99319526722411,4,22.4947817,,
98,HighConfidenceCore,60.396564173892,36.5787679818209,39.9930673179023,0.500621812907375,30.2358374501105,0.500621812907376,9.99200722162641e-16,484.248784020387,97.6079349408475,3.22821999231547,6.15526723348784,6.76554075274159,19.8241787635133,35,19.9801070049844,38.0892417193862,22.6697670595849,1.11514259082092,1.08437381004529,0.322280364259608,0.212702799375718,81.9153136269896,12.0793128347784,9.57274664880916,7.65819731904733,7.54018168094538,30.5988644249882,6.49103795326564,0.335770719777805,0,1.2036413386267,5.58949356834799,5,1,1,1,2.03012210217171e-16,0,1,3,12,1,root_seeded_fmincon,1,0.505061842792477,19.8241787635133,43,3,1,5.92298260074524,6.88114525761599,3,17.2098997,,
99,HighConfidenceCore,60.1261375998689,44.8387671020981,40.183061922894,0.494989146794816,29.7617855506251,0.494989146794788,-2.86992651865603e-14,480.683050041833,96.5844853117951,3.24525170532877,5.60619138718263,6.57238724694008,19.5133658212858,34.9999999999997,23.8306512414009,38.7595716924919,27.6509690839452,1.09194010553524,1.07890851722376,0.308348469885608,0.20659458265347,81.376029314752,12.0252275199738,9.86630354438545,7.89304283550836,7.59108801231094,30.1202322119456,6.30974571939608,0.703554332213447,0,1.18048513183868,5.59727112080915,5,1,1,1,8.12048840868686e-15,0,1,3,12,1,root_seeded_fmincon,1,0.507333436300198,19.5133658212869,47,3,1,5.14226066039202,6.79630327155759,4,22.0225404,,
100,HighConfidenceCore,55.6169723576382,40.5453185414571,39.0379038276812,0.471635878670954,26.2309596269128,0.471635878670954,3.33066907387547e-16,500,90.1884758992454,3.43824538568206,5.03384709404398,6.4247631149639,17.1983737391246,25.2847011952623,26.4180082979973,27.8094138643484,29.9390500437674,1.07905367442219,1.0954133422366,0.300458238730621,0.208217413681969,75.4550720352439,11.1233944715276,10.0053178988059,8.00425431904469,7.34650318268134,26.5724275508735,6.16515016047477,1.13130306643079,0,1.1620083578187,5.6034834382109,5,1,1,1,-0,0,1,4,15,1,root_seeded_fmincon,1,0.548465669865086,17.1983737391246,50,3,1,4.28146015823427,6.8820559718476,4,23.2145162,,
101,HighConfidenceCore,56.7982416126034,35.612163338414,40.1218034937431,0.534012161707681,30.3309517847414,0.53401216170768,-1.33226762955019e-15,500.000000000002,103.480364114434,3.41170843727008,6.14565348819182,7.27752084423583,19.8865406404022,33.5231236517404,23.3911982830283,36.5359933709246,26.6961689086288,1.12016491995416,1.10995143896641,0.290295744488401,0.180559629162027,88.1682604016168,11.3596483225207,8.94346459443616,7.15477167554893,6.61682245696549,30.667352043794,7.01890884513281,0.873255356940991,0,1.27100379842614,5.56691953364729,5,1,1,1,-3.33066907387547e-15,3.33066907387547e-15,1,3,12,1,root_seeded_fmincon,1,0.537058879534596,19.8865406404022,37,3,1,5.92747987177496,7.36867879261644,3,16.5633706,,
102,HighConfidenceCore,54.0588570858028,38.2858645218562,40.4266586121916,0.454827941187343,24.5874786712765,0.454827941187343,3.33066907387547e-16,499.999999999999,115.558850904371,4.69990650319784,4.17244059273259,7.1099409481314,16.1208226273777,12.4294148108813,40.3261695500818,13.7594252402969,44.6626030625321,1.04185951256817,1.13519204385806,0.338826380562618,0.24173630258439,75.6781384181,10.8117714171606,11.6029279608966,9.28234236871728,7.36784460363158,24.9537146973491,6.79689725080137,2.62445665806879,0,1.24268373511872,5.57640066674169,5,1,1,1,2.22044604925031e-15,0,1,3,12,1,root_seeded_fmincon,1,0.553892082545345,16.1208226273777,50,12,1,4.36531594976574,6.93540671354481,4,27.9227236,,
103,HighConfidenceCore,53.3117920675619,44.5300104066172,38.8780059801425,0.532133843277122,28.3690088049023,0.532133843277118,-3.44169137633799e-15,500.000000000005,94.8075948705092,3.34194245285461,5.25169539596805,6.83756578893516,18.6001893554303,30.6595386654091,28.6072653232432,34.101645519607,33.5240087810179,1.09044015671906,1.10718924051876,0.253445813324768,0.158371832443319,85.0761049828659,10.6623584135124,8.86498031154835,7.09198424923868,6.23569581566491,28.6731322232108,6.61355565865024,1.36186026268219,0,1.21928421181369,5.5842446425246,5,1,1,1,-9.10382880192628e-15,9.10382880192628e-15,1,3,12,1,root_seeded_fmincon,1,0.571195463909022,18.6001893554304,53,3,1,5.07846257937215,6.88462094769567,4,25.6402477,,
104,HighConfidenceCore,60.720512956348,36.3056135093335,39.1286438646422,0.487123713650873,29.5784017660821,0.487123713650872,-1.11022302462516e-15,479.873453841513,91.1589174464819,3.08194195776375,6.0965961783481,6.43920411746876,19.3931299279322,35,17.7060413966784,38.013516875644,20.0234924813325,1.11520730486599,1.07436413873792,0.325482297436568,0.219548125045752,77.988949635322,12.1441025912696,9.60890918081193,7.68712734464954,7.78552779756645,29.9403956148726,6.16816296526042,0.0715667869123235,0,1.16239341186197,5.60335391564742,5,1,1,1,8.12048840868686e-16,0,1,3,12,1,root_seeded_fmincon,1,0.502367297554442,19.3931299279322,45,3,1,5.89131398259322,6.54420306887785,3,18.0295925,,
105,HighConfidenceCore,55.0301976661665,32.0685704240294,39.5236660303183,0.447811900505431,24.7122908374695,0.449067818861626,0.00125591835619565,500.000066416937,111.54081763529,4.51357659914588,4.53718732571444,7.15166093936299,16.2026559385455,15.0091618541505,33.8064971892317,16.3204544818169,36.9951888286875,1.05924215889383,1.13784273213623,0.350000006195738,0.252559758765416,73.1853548625414,11.0060395332333,11.2970170783338,9.03761366266705,7.57947670717423,25.0902061916777,6.82687535197429,2.28968802625985,0,1.24650872615798,5.57511932999724,5,1,0,0,-1.32833874566529e-07,1.32833874566529e-07,-2,3,11,1,root_seeded_fmincon,1,0.554313836651079,16.1573415959058,47,12,1,4.30812125958592,7.28072638951558,4,23.7699242,Recovery_target_mismatch,
106,HighConfidenceCore,60.9080503309555,44.2834653148962,40.0464395039599,0.433839145109444,26.4242964858647,0.433839145109444,4.44089209850063e-16,499.999999999999,84.1263775903286,3.18367520722191,5.25367938387604,5.97071214150125,17.3251353828119,30.0328815315628,20.928171197078,33.1892657728755,23.9158119935693,1.07849794680018,1.063753107357,0.335410770926125,0.247466376741401,72.1349936907465,12.1816100661911,10.7053714600374,8.56429716802992,8.62093846127269,26.8039411756588,5.68760873054415,0.433929346668108,0,1.10093782567727,5.62405756624791,5,1,1,1,1.11022302462516e-15,0,1,3,12,1,root_seeded_fmincon,1,0.500820496375285,17.3251353828119,47,3,1,5.13543889295796,6.01623907606425,3,19.8989948,,
107,HighConfidenceCore,57.0861507891778,28.6309698274802,39.4842055181259,0.513214719697707,29.297452875889,0.513214719697708,1.4432899320127e-15,499.999999999998,101.04362548411,3.44888772113246,6.32654760219089,7.24927251825629,19.2089253054609,30.0962992170948,21.3862267675275,32.3436370169333,23.7714908507404,1.13102205382112,1.11730494406352,0.315446626591847,0.202920086918158,82.9764711132884,11.4172301578356,9.23622368874845,7.38897895099876,6.94717447832221,29.6489072178727,6.96978130953059,0.643233707339696,0,1.26473843099966,5.56901592411754,5,1,1,1,3.44169137633799e-15,0,1,4,15,1,root_seeded_fmincon,1,0.534350268467967,19.2089253054609,34,3,1,5.90270818282664,7.52965546156937,3,18.7521832,,
108,HighConfidenceCore,51.4732424598843,38.6137675190813,39.0533578054013,0.45226411062793,23.2795002222554,0.45226411062793,-5.55111512312578e-17,500,111.585607929999,4.79329912002675,3.81770233841829,6.91943005518916,15.2632443104218,9.61045148090333,41.4115531482009,10.686596163972,45.7688217222591,1.0333335358629,1.13919967529043,0.319664632040339,0.22875206733088,72.7450679985711,10.2946484919769,11.4049497855796,9.12395982846368,7.04843555940724,23.6236629070196,6.62469276493936,2.80699042652107,0,1.22070593489686,5.58376779079794,5,1,1,1,5.55111512312578e-16,0,1,4,15,1,root_seeded_fmincon,1,0.569236225637974,15.2632443104218,49,3,1,3.47807899359263,7.09697412746688,3,20.693285,,
109,HighConfidenceCore,52.0874207512327,39.5946139962316,39.6451343325227,0.456309031947839,23.7679605396548,0.45630903194784,8.32667268468867e-16,499.999999999999,113.055059357819,4.75661591448693,3.90291621911209,6.97874640648872,15.5835041566056,10.3016015847636,42.134494375105,11.4730516015963,46.7317093324128,1.03450080359026,1.13757787122958,0.322316671003996,0.229033713499789,74.4156916810873,10.4174841502465,11.4637557292737,9.17100458341894,7.07986505289447,24.1157275979453,6.68194913054116,2.77903291142907,0,1.22801443139203,5.58131702719472,5,1,1,1,1.66533453693773e-15,0,1,4,15,1,root_seeded_fmincon,1,0.562624197401981,15.5835041566055,60,23,4,3.52180387244453,3.17182896994252,4,131.7833361,,
110,HighConfidenceCore,58.283657156559,38.7830091444419,39.4072155072603,0.496079158582813,28.9133076013657,0.496079158582998,1.84352533239007e-13,497.555847488353,89.5119566669671,3.0958739795906,5.95288031471901,6.4811906371445,18.9570597963321,34.9999999999707,18.3611125050201,38.2916446194651,21.0130320299204,1.11178986095879,1.07574703550907,0.296067099438933,0.197414458178871,79.9558092910905,11.6567314313118,9.17552541642353,7.34042033313882,7.34258738879833,29.257038051214,6.23027865323767,0.277398338518666,0,1.17033149095594,5.60068429907805,5,1,1,1,8.37425367145832e-13,0,1,2,9,1,root_seeded_fmincon,1,0.523371412985659,18.9570597963251,53,3,1,5.90202643987053,6.47754726074656,4,19.3512066,,
111,HighConfidenceCore,54.9276530470001,42.8265399906898,39.4395342137078,0.502056718847659,27.5767972627795,0.502056718847658,-3.33066907387547e-16,500,93.9126836280796,3.40549639369594,5.19318685612916,6.67934690398098,18.0807744969705,28.2609597337629,27.7506367633419,31.2748013893943,31.9750018551421,1.08453995421217,1.10042094668901,0.279840818660504,0.184490043010423,80.9967794652068,10.9855306094,9.50509126993088,7.6040730159447,6.83771394605517,27.9040402088361,6.43483112924323,1.24164427311407,0,1.19646327938816,5.59190352364872,5,1,1,1,-4.44089209850063e-16,4.44089209850063e-16,1,3,12,1,root_seeded_fmincon,1,0.555348687006498,18.0807744969706,46,3,1,5.10541355102465,6.69178554525963,4,23.7434307,,
112,HighConfidenceCore,48.5489911301887,34.3057626356808,38.9160416651788,0.504508795330552,24.4933930296052,0.504508795330552,-1.11022302462516e-16,500.000000000001,121.309303199927,4.95273574605611,3.91245571120236,7.7172217661634,16.0591352147949,9.60655314839822,44.1611540257604,10.5733148203894,48.7673403286199,1.03947854281002,1.18267264035628,0.294197750014375,0.19526140304132,80.2972151354234,9.70979822603775,10.6173780115259,8.49390240922071,6.01389952514591,24.8117974227664,7.43171503891151,3.51925932770915,0,1.32361869295451,5.54934062530994,5,1,1,1,-1.77635683940025e-15,1.77635683940025e-15,1,3,12,1,root_seeded_fmincon,1,0.570770484187947,16.0591352147949,52,12,1,4.27186275806873,7.4181268404491,4,29.0096533,,
113,HighConfidenceCore,55.6543551862462,29.6180018063901,38.8992644498933,0.505626130301775,28.1402962472622,0.505626130301775,-1.11022302462516e-16,500,98.3624287961597,3.49542975425249,5.90981360796141,7.12089318337937,18.4502335741294,27.3904486551361,23.0600203112277,29.4889446064376,25.6113135920239,1.11769754444805,1.12131740424803,0.308282923062553,0.201304025847151,80.4603081044322,11.1308710372492,9.34347888234649,7.47478310587719,6.87851473474601,28.4839592626241,6.84675558157602,0.93694197361461,0,1.24904513770249,5.57426979104224,5,1,1,1,3.33066907387547e-16,0,1,3,12,1,root_seeded_fmincon,1,0.548097267463058,18.4502335741294,35,3,1,5.88153255625321,7.09879260797838,3,16.7309177,,
114,HighConfidenceCore,50.7192658059152,44.1763443129868,39.006839828029,0.447970127751437,22.7207159825375,0.447970127751489,5.1458837191376e-14,499.999999999933,107.117776237991,4.71454228468497,3.59602498849375,6.60096545096698,14.8968764637671,8.09569127611083,44.5074151712956,9.15789252090083,49.7369509855496,1.02453611743532,1.127368531888,0.307431255682773,0.219553581599264,72.0843253266897,10.143853161183,11.5050768682007,9.20406149456057,6.99963745584441,23.0517760964165,6.32488126468201,2.72885627618826,0,1.18241878942772,5.59662131206885,5,1,1,1,1.34114941374719e-13,0,1,3,12,1,root_seeded_fmincon,1,0.569755979575095,14.8968764637654,46,3,1,3.47698974672942,6.62877854667163,3,31.2622177,,
115,HighConfidenceCore,56.5574309609549,34.1752459513661,39.0503297996248,0.47412530496838,26.8153092025907,0.474125304968378,-1.88737914186277e-15,500.000000000003,92.0735440844567,3.43361858663785,5.45779904069494,6.63207361574917,17.5815035422179,26.0904804693604,23.3781332567959,28.3077283142614,26.0892615638041,1.09621191798995,1.10132031050479,0.316925870675841,0.218497801785717,75.8411941975387,11.311486192191,9.90234554298447,7.92187643438758,7.43553043959105,27.1681699390941,6.3560510957501,0.898252055055163,0,1.18640068576868,5.59528338726734,5,1,1,1,-5.10702591327572e-15,5.10702591327572e-15,1,4,15,1,root_seeded_fmincon,1,0.539345572840089,17.581503542218,51,3,1,5.08400601441255,6.86844770014341,4,13.8758634,,
116,HighConfidenceCore,58.7357954944411,44.9352916099303,39.1588017393224,0.446016463061928,26.1971317615593,0.446016463061927,-9.43689570931383e-16,500.000000000001,81.7156592971515,3.11925977396724,5.15984725170291,5.92473358483984,17.1761944410958,30.0345137737369,21.0137616641124,33.2517443099395,24.12276221733,1.07970326400463,1.06588899885633,0.310239969882907,0.224733513749017,72.1168468496775,11.7471590988882,10.2028343667179,8.1622674933743,8.13466593322047,26.5544258154083,5.66512017258524,0.505272920882333,0,1.09806000880104,5.62502862344431,5,1,1,1,-1.55431223447522e-15,1.55431223447522e-15,1,3,12,1,root_seeded_fmincon,1,0.519342587313506,17.1761944410958,58,3,1,5.09229517340854,5.93628287349873,3,45.2024413,,
117,HighConfidenceCore,58.5506672020117,41.2506757671543,38.7199764268555,0.516660713264502,30.2508294786247,0.516660713263151,-1.35180755478359e-12,471.840749752626,96.9065654076168,3.20343498270323,5.72196104487703,6.67583328056683,19.8340083127621,35.0000000000029,23.0881602979097,38.4346603258061,26.6010944132738,1.10368494472288,1.08865682667787,0.295231855328107,0.189807596140998,81.996130114527,11.7101334404023,9.31877439629185,7.45501951703348,7.07495943084674,30.589117243083,6.4262709105237,0.704309865646669,0,1.19536997973192,5.59227066307634,5,1,1,1,-8.22199451379544e-14,8.22199451379544e-14,1,3,12,1,root_seeded_fmincon,1,0.520984669478744,19.834008312814,52,3,1,5.06983405579311,7.02371028726943,4,21.8031708,,
118,HighConfidenceCore,54.8146941035062,42.5700991560395,40.0236074806367,0.477683822964555,26.1840926339954,0.477683822964554,-6.10622663543836e-16,500.000000000001,99.4433826254385,3.79785482794729,4.72884546104743,6.72983021986549,17.1676453147098,21.4212729341799,33.4836794029087,23.7409259092914,38.0196495428592,1.0640696452703,1.11065316301844,0.304055894208005,0.208450569789518,78.2832471466235,10.9629388207012,10.4678689073671,8.37429512589369,7.15765036737767,26.5275873591412,6.46054128603668,1.73169582498925,0,1.19974680067941,5.59080100967842,5,1,1,1,-1.11022302462516e-15,1.11022302462516e-15,1,4,15,1,root_seeded_fmincon,1,0.556493117381984,17.1676453147098,46,3,1,4.34229624873766,6.92860878807878,4,22.2511937,,
119,HighConfidenceCore,57.0526962616925,41.4409081074973,40.4203622297892,0.526672035346502,30.0480596621514,0.526672035346503,6.66133814775094e-16,499.999999999999,100.308686331774,3.33827499877217,5.86178230940377,7.02671363420955,19.7010619342718,34.8942426288429,24.3040137340394,38.4995206891681,28.2376196309631,1.10593598058226,1.09658737111664,0.281338552248041,0.178050145548227,87.4290044064273,11.4105392523385,9.06053459410781,7.24842767528624,6.75115914988527,30.3829885940233,6.77793817532713,0.916155865923357,0,1.24026453989627,5.57721120173388,5,1,1,1,1.88737914186277e-15,0,1,4,15,1,root_seeded_fmincon,1,0.534663600473544,19.7010619342718,37,3,1,5.15285307207004,7.37929139779373,4,21.0097371,,
120,HighConfidenceCore,53.1279899512031,43.6280246768371,38.598256699773,0.466760330638293,24.7980381557718,0.466760330638299,5.38458166943201e-15,499.999999999992,92.1722458367462,3.71691684873438,4.43704851026227,6.38235254605496,16.2588763150877,19.5360080274896,32.959905362998,21.6995315755243,37.3904415932315,1.05814281177067,1.10619487383468,0.290659457180167,0.202458644480682,73.9026916429231,10.6255979902406,10.346790430748,8.27743234459843,7.08248794885784,25.1259490938766,6.12964891213773,1.69260040187547,0,1.1574708650149,5.60500992508941,5,1,1,1,1.52100554373646e-14,0,1,3,12,1,root_seeded_fmincon,1,0.574160626592824,16.2588763150875,53,3,1,4.25567460716923,6.45703973769759,3,36.5964457,,
